id,code,name_ch,name_en
50000001,TMN,1860慕尼黑,1860 Munich
50430573,WBA,3B亞馬遜女足,3B da Amazonia Women
50000002,OCT,十月九日,9 de Octubre
50000003,AAS,澳職明星隊,A-League All Stars
50000004,AAG,真特,AA Gent
50362134,GTW,真特女足,AA Gent Women
50000005,ABC,ABC納泰,ABC Natal
50000006,ACA,阿些斯奧,AC Ajaccio
50000007,AES,艾米恩斯體育會,AC Amiens
50586741,AIR,AC卡連拿,AC Carina
50000008,ACM,AC米蘭,AC Milan
50355625,AWC,AC米蘭女足,AC Milan Women
50000009,U13,AC-尼科西亞,AC Milan-APOEL
50324165,R94,AC米蘭-阿特蘭大,AC Milan-Atalanta
50324164,R93,AC米蘭-賓菲加,AC Milan-Benfica
50000010,U12,AC米蘭-馬賽,AC Milan-Marseille
50240301,AUU,AC奧盧,AC Oulu
50000011,ACS,聖路爾斯,AC St. Louis
50600009,SNA,AC史杜丹達拿,AC Studenterna
50000012,ACT,拖連奴,AC Torino
50557337,AVM,AC維拉米亞,AC Vila Mea
50331715,VIA,AC維圖斯,AC Virtus
50560154,FAF,法菲,AD Fafe
50267253,MAD,AD梅里達,AD Merida
50000013,SCL,AD聖卡洛斯,AD San Carlos
50319123,ADT,ADT塔爾馬,ADT Tarma
50000014,AEK,AEK雅典,AEK Athens
50462448,WAE,AEK雅典女足,AEK Athens Women
50000015,LAR,AEK拉亞拿卡,AEK Larnaca
50000016,AEL,AEL利馬素,AEL Limassol
50266845,AFO,AF維洛斯,AF Virois
50000017,AFU,艾斯基斯杜拿,AFC Eskilstuna
50000018,FYD,AFC費迪,AFC Fylde
50000019,TEL,AFC特爾福德,AFC Telford
50000020,TTT,托頓,AFC Totton
50000021,TBZ,AFC圖比斯,AFC Tubize
50000022,AWB,AFC 溫布頓,AFC Wimbledon
50000023,AGF,阿侯斯,AGF Aarhus
50000024,AGM,AGMK足球會,AGMK FC
50000025,AGV,阿高夫,AGOVV Apeldoorn
156,AIK,AIK,AIK
50000026,ASA,AIK蘇納,AIK Solna
50353898,AKW,AIK蘇納女足,AIK Solna Women
50544237,APW,APF FC女足,APF FC Women
50000027,LHT,萊卡特,APIA Leichhardt
50000028,APO,尼科西亞,APOEL
50000029,ASB,博韋,AS Beauvais
50000030,ABZ,比斯亞斯,AS Beziers
50000031,ASM,明古迪斯,AS Minguettes
50000032,APR,皮萊,AS Pirae
50000033,TCN,特倫辛,AS Trencin
50000034,ASP,阿拉比拉卡,ASA Arapiraca
50555605,ABM,比斯海姆,ASC Biesheim
50000035,ADZ,安德列斯奧斯,ASF Andrezieux
50000036,BLF,ASM貝爾福,ASM Belfort
50000037,GEL,ASV加爾,ASV Geel
50000038,ATG,格拉曼尼,AT Gramanet
50260993,VFQ,AVS,AVS
50000039,AZZ,阿爾克馬爾,AZ Alkmaar
50362115,AWZ,阿爾克馬爾女足,AZ Alkmaar Women
50000040,AAC,亞琛,Aachen
50000041,AII,亞琛二隊,Aachen II
50000042,AAL,阿爾堡,Aalborg
50000043,AAE,阿里辛特,Aalesund
50566599,WSA,阿里辛特女足,Aalesund Women
50000044,ABE,鴨巴甸,Aberdeen
50356316,AFW,鴨巴甸女足,Aberdeen Women
50000045,ABY,艾伯里斯特夫,Aberystwyth Town
50357018,AHF,艾伯哈FC,Abha FC
50000046,ART,艾巴蘭迪斯,Abrantes
50000047,APC,卡貝略港大學,Academia Puerto Cabello
50000048,ACC,科英布拉大學,Academica Coimbra
50585202,USS,阿卡蘇索,Acassuso
50000049,ACR,阿克寧頓,Accrington Stanley
50000050,AHS,阿基里斯,Achilles
50000051,ACH,艾治拿斯,Achnas
50289780,ADS,阿達納鐵路,Adana Demirspor
50000052,ADD,阿德萊德城,Adelaide City
50599269,ACB,阿德萊德眼鏡蛇,Adelaide Cobras
50476345,ATR,阿德萊德突擊者,Adelaide Croatia Raiders
50000053,AOY,阿德萊德奧林匹克,Adelaide Olympic
50000054,ADL,阿德萊德聯,Adelaide Utd
50377155,WAU,阿德萊德聯女足,Adelaide Utd Women
50000055,ADW,艾特米拿,Admira Wacker
50000056,AFG,阿富汗,Afghanistan
50000057,AF4,阿富汗男亞足,Afghanistan AM
50332396,AF2,阿富汗U20,Afghanistan U20
50302158,AF3,阿富汗U23,Afghanistan U23
50000058,W14,非洲,Africa
50000059,AGD,阿格德,Agde
50000060,AGE,艾根,Agen
50462430,WGR,阿格拉姆女足,Agram Women
50000061,APU,阿高比古里奧,Agropecuario
50000062,AAT,阿古亞辛達,Agua Santa
50282104,ADM,阿古亞馬拉巴,Aguia de Maraba
50002636,IGI,阿古拿斯,Aguilas Doradas
50308218,AUI,阿古拉斯FC,Aguilas FC
50000063,AFK,阿哈爾,Ahal FK
50000064,AHL,艾倫,Ahlen
50000065,AFR,空軍體育會,Air Force AC
50000066,AIU,艾迪爾聯,Airdrieonians
50000067,FAZ,FC艾查威爾,Aizawl FC
50000068,AJX,阿積士,Ajax
50000069,AAM,阿積士業餘隊,Ajax Amateure
50000070,AXC,阿積士開普敦,Ajax Cape Town
50362114,AXW,阿積士女足,Ajax Women
50000071,R56,阿積士-巴塞,Ajax-Barcelona
50000072,R58,阿積士-祖雲達斯,Ajax-Juventus
50000073,R57,阿積士-利物浦,Ajax-Liverpool
50000074,R55,阿積士-曼城,Ajax-Manchester City
50000075,R59,阿積士-曼聯,Ajax-Manchester Utd
50000076,R41,阿積士-波圖,Ajax-Porto
50000077,R60,阿積士-熱刺,Ajax-Tottenham
50482781,AJM,阿吉曼會,Ajman Club
50000078,APD,彭迪夫學院,Akademija Pandev
2260,AKH,阿卡沙,Akhisar Belediyespor
50000079,AKS,阿卡沙,Akhisarspor
50000080,TGY,艾卡馬特,Akhmat Grozny
50272543,AKY,阿克隆陶爾亞蒂,Akron Tolyatti
50000081,AKB,阿克圖比,Aktobe
50462456,WAK,阿克圖比女足,Aktobe Women
50357012,ADH,艾阿達拉,Al Adalah
50000082,AHI,阿爾阿里,Al Ahli
50334370,AAH,多哈艾阿里,Al Ahli Doha
50000083,AAJ,吉達艾阿里,Al Ahli Jeddah
50334363,AHM,艾阿里麥納麥,Al Ahli Manama
50000084,AIA,艾阿里,Al Ahly
50000085,AIN,艾阿恩,Al Ain
50357016,AIS,沙特艾阿恩,Al Ain Saudi
50000086,AAD,多哈艾阿拉比,Al Arabi Doha
50357008,AZR,歐奈宰艾阿拉比,Al Arabi Unaizah
50482780,ABH,艾巴塔,Al Bataeh
50357009,ABT,艾巴騰,Al Batin
50538600,ABD,艾比達,Al Bidda
50357014,ABK,艾布基里耶,Al Bukiryah
50482783,ADF,艾迪哈夫拉,Al Dhafra
50000087,LKH1,艾杜哈尼,Al Duhail
50000088,AEQ,伊蒂法克,Al Ettifaq
50000089,FAM,艾費薩里安曼,Al Faisaly Amman
50000090,AFS,費薩里FC,Al Faisaly FC
50000091,ALF,艾法特,Al Fateh
50289793,AFH,艾費哈,Al Fayha
50000092,ARF,艾加拉法,Al Gharafa
50357011,AHZ,艾哈森,Al Hazem
50000093,ALH,艾希迪,Al Hidd
50000094,HLL,希拉爾,Al Hilal
50472625,Q99,希拉爾-國際邁亞密,Al Hilal-Inter Miami CF
50472626,O46,希拉爾-蒙特雷,Al Hilal-Monterrey
50334359,AIB,艾侯賽因伊比,Al Hussein Irbid
50000095,AIT,伊蒂哈德,Al Ittihad
50357015,AJL,艾查巴萊,Al Jabalain
50000096,AJS,艾查殊SC,Al Jaish SC
50357013,AJD,艾真達爾,Al Jandal
50000097,AJA,艾查捷拉,Al Jazira
50536403,ALJ,艾朱拜勒,Al Jubail
50000098,KRM,卡拉馬,Al Karamah
50334361,AKD,艾卡列迪亞,Al Khaldiya
50334373,AKJ,卡赫利,Al Khaleej
50456853,AAY,艾卡列迪耶夫,Al Kharaitiyat
50334374,AOO,艾科魯特,Al Kholood
50334371,AKH,艾科爾,Al Khor
50538601,AMK,艾馬希亞,Al Markhiya
50462423,ARQ,艾慕哈瑞克,Al Muharraq
50000099,ANH,艾拿達,Al Nahda
50357017,ANJ,艾拿積馬,Al Najma
50000100,ANS,阿爾納沙,Al Nasr SC
50000101,ANR,艾納斯,Al Nassr
50544242,NWA,艾納斯女足,Al Nassr Women
50334375,AOD,艾科多,Al Okhdood
50334376,AOH,艾奧魯巴,Al Orobah
50000102,AQS,艾卡迪斯亞,Al Qadsia
50334377,AQA,艾卡迪沙,Al Qadsiah
50334378,ARB,艾拉德,Al Raed
50000103,ARN,艾雷恩,Al Rayyan
50000104,AFF,阿爾列法,Al Riffa
50334379,RYH,艾利雅德,Al Riyadh
50000105,ASD,艾薩德,Al Sadd
50357020,ASF,艾沙法,Al Safa
50000106,ASL,艾塞利亞,Al Sailiya
50289798,AEB,艾席貝,Al Seeb
50000107,ASH,艾沙比,Al Shabab
50000108,ABB,艾沙比阿拉比,Al Shabab Al Arabi
50334372,AHH,艾沙哈尼亞,Al Shahania
50334369,AHA,艾沙瑪,Al Shamal
50000109,AHR,SC艾索達,Al Shorta SC
50000110,ATW,艾塔亞文,Al Taawoun
50357010,TAI,艾泰爾,Al Tai
50538602,WAB,艾華比,Al Waab
50000111,AWD,阿爾華達,Al Wahda
50289795,AWK,艾華卡拉,Al Wakrah
50000112,AWS,艾華斯爾,Al Wasl
50000113,AWA,艾維達,Al Wehda
50000114,AWH,艾華達,Al Wehdat
50000115,AZW,艾祖拉,Al Zawra'a
50540589,AZI,艾祖爾菲,Al Zulfi
50000116,AJU,阿拉祖蘭斯,Alajuelense
50000117,AVK,阿蘭尼亞,Alania Vladikavkaz
50000118,AYP,艾蘭亞,Alanyaspor
50000119,ALK,艾拉斯克特,Alashkert
50000120,ALS,艾拉維斯,Alaves
50000121,ALB,阿爾巴塞特,Albacete
50000122,ALA,阿爾巴尼亞,Albania
50000123,ALY,阿爾巴尼亞U21,Albania U21
50303164,ALW,阿爾巴尼亞女足,Albania Women
50362147,WAG,艾伯加里亞女足,Albergaria Women
50000124,ALI,阿爾比,Albi
50000125,ABF,艾賓奴列夫,Albinoleffe
50562874,ANF,艾比安FC,Albion FC
50000126,ABR,艾比安流浪,Albion Rovers
50000127,ALR,新潟天鵝,Albirex Niigata
50355585,AWN,新潟天鵝女足,Albirex Niigata Women
50000128,AON,艾高干,Alcorcon
50000129,ACY,艾高恩奴,Alcoyano
50000130,ALD,艾迪索特,Aldershot
50000131,AVI,阿度斯維,Aldosivi
50000132,ACN,阿倫干,Alencon
50313296,OLA,阿雷斯,Ales
50000133,ASR,阿歷山迪亞,Alessandria
50263639,AFA,艾法路,Alfaro
50000134,AFV,阿爾弗維利,Alfortville
50000135,AFT,艾費頓,Alfreton Town
50000136,AGR,阿爾加特,Algard
50000137,AGC,艾基史拉斯,Algeciras
50000138,ALG,阿爾及利亞,Algeria
50000139,ALO,阿爾及利亞男奧足,Algeria Oly Men
50599152,AL2,阿爾及利亞U20,Algeria U20
50472904,WAA,阿爾及利亞女足,Algeria Women
50000140,13A,阿爾及利亞-貝寧,Algeria-Benin
50559150,B13,阿爾及利亞-布基納法索,Algeria-Burkina Faso
50000141,A91,阿爾及利亞-喀麥隆,Algeria-Cameroon
50559149,B12,阿爾及利亞-科特迪瓦,Algeria-Cote d'Ivoire
50000142,A90,阿爾及利亞-埃及,Algeria-Egypt
50000143,A92,阿爾-加蓬,Algeria-Gabon
50000144,14A,阿爾及-馬達加,Algeria-Madagascar
50000145,A93,阿爾及利亞-馬里,Algeria-Mali
50000146,A79,阿爾及利亞-摩洛哥,Algeria-Morocco
50559148,B11,阿爾及利亞-蘇丹,Algeria-Sudan
50000147,A80,阿爾及利亞-突尼西亞,Algeria-Tunisia
50462483,WAH,阿拉馬女足,Alhama Women
50000148,AAO,阿里安沙體育會,Alianza Atletico
50000149,AAZ,FC阿里安沙,Alianza FC
50000150,ALZ,利馬聯,Alianza Lima
50319126,AZF,巴耶杜帕爾聯,Alianza Valledupar
50000151,ALC,阿利根迪,Alicante
50397927,AWG,阿靈索斯女足,Alingsas Women
50000152,ABS,男生隊,All Boys
50000153,ALN,阿里安斯,Allianssi
50000154,ALL,阿洛厄,Alloa Athletic
50285400,AMG,艾馬格羅,Almagro
50263637,AZN,阿爾馬辛,Almazan
50000155,AMC,阿梅爾城,Almere City
50000156,AMR,艾美利亞,Almeria
50000157,AMB,艾米蘭提布朗,Almirante Brown
50000158,ALT,阿爾達,Alta
50563252,AAI,艾東拿魔術,Altona Magic
50000159,ATC,艾川查姆,Altrincham
50334364,AYY,阿恩艾沙,Altyn Asyr
50265824,AVC,艾夫喬治,Alvechurch
50000160,ALV,艾華卡,Alverca
50000161,AWR,阿爾韋斯列迪,Always Ready
50000162,AMZ,阿馬祖路,AmaZulu
50000163,AMA,艾馬多拉,Amadora
50000164,AMT,FC阿馬蘭迪,Amarante FC
50327512,AZS,亞馬遜FC,Amazonas FC
50000165,AMO,阿美利加明尼路,America Mineiro
50430574,AWM,阿美利加明尼路女足,America Mineiro Women
50000166,AMN,阿美利加納泰,America Natal
50000167,ADC,阿美利加,America de Cali
50000168,AMI,阿米卡,Amica Wronki
50000169,AMS,艾米恩斯,Amiens
50000170,AKP,阿馬卡,Amkar Perm
50000171,AMV,艾姆尼維里,Amneville
50000172,AOA,阿莫列比達,Amorebieta
50314192,AMM,阿姆斯特丹FC,Amsterdamsche FC
50000173,ADI,安拿迪亞,Anadia
50000174,ANC,安科納,Ancona
50000175,ANT,安德列治,Anderlecht
50356302,AHW,安德列治女足,Anderlecht Women
50000176,AND,安道爾,Andorra
50000177,ADY,安道爾U21,Andorra U21
50303173,AOW,安道爾女足,Andorra Women
50311170,ANX,安德拉特斯,Andratx
50462464,AIW,安尼諾伊女足,Anenii Noi Women
50353873,ACW,天使城女足,Angel City Women
50000178,AGH,安祖荷姆斯,Angelholms
50000179,SOA,昂熱,Angers SCO
50000180,AGO,安哥拉,Angola
50361308,AG2,安哥拉U20,Angola U20
50305644,AAW,安哥拉女足,Angola Women
50311495,AOE,昂古萊姆,Angouleme
50330385,AGL,安圭拉,Anguilla
50462487,FWG,安卡拉青年體育會女足,Ankara Fomget Genclik Women
50000181,ANA,安南,Annan Athletic
50000182,ANN,FC安納西,Annecy FC
50000183,ANO,安羅科薩斯,Anorthosis
50282194,AEE,安山綠人,Ansan Greeners
2261,ATY,安塔萊亞,Antalyaspor
50000184,ANG,安提瓜GFC,Antigua GFC
50000185,AGB,安提瓜和巴布達,Antigua and Barbuda
50000186,ATF,安圖法加斯達,Antofagasta
50000187,ANW,安特衛普,Antwerp
50000188,ANZ,安治,Anzhi
50000189,APL,阿波羅利馬素,Apollon Limassol
50462432,WOO,阿波羅利馬素女足,Apollon Limassol Women
50000190,ABU,阿拉比,Arabe Unido
50000191,AGU,FC阿拉瓜,Aragua FC
50311171,AAF,艾蘭甸拿CF,Arandina CF
50000192,AYV,艾拉華特耶烈萬,Ararat Yerevan
50000193,ARA,艾拉華特阿美尼亞,Ararat-Armenia
50462421,AXV,阿拉茲納希契凡,Araz-Naxcivan
50000194,AFC,艾布亞夫,Arbroath
50000195,ARC,FC阿爾卡艾,Arcahaie FC
50462427,AKL,阿達克爾賈利,Arda Kardzhali
50000196,ARE,阿雷馬,Arema
50263648,AEC,阿雷納斯會,Arenas Club
50000197,ARD,阿倫達爾,Arendal
50263621,AEI,阿倫泰羅,Arenteiro
50000198,ARO,阿雷素,Arezzo
50000199,ARG,阿根廷,Argentina
50000200,ATO,阿根廷男奧足,Argentina Oly Men
50000201,AR2,阿根廷U20,Argentina U20
50312512,AR3,阿根廷U23,Argentina U23
50000202,AGW,阿根廷女足,Argentina Women
50323131,A2W,阿根廷女足U20,Argentina Women U20
50000203,W51,阿根廷-比利時,Argentina-Belgium
50000204,C10,阿根廷-玻利維亞,Argentina-Bolivia
50000205,C01,阿根廷-巴西,Argentina-Brazil
50000206,Y13,阿根廷-喀麥隆,Argentina-Cameroon
50000207,C02,阿根廷-智利,Argentina-Chile
50000208,C05,阿根廷-哥倫比亞,Argentina-Colombia
50331284,C77,阿根廷-哥斯達黎加,Argentina-Costa Rica
50000209,F47,阿根廷-科特迪瓦,Argentina-Cote d'Ivoire
50000210,W52,阿根廷-克羅地亞,Argentina-Croatia
50000211,O37,阿根廷-丹麥,Argentina-Denmark
50000212,C07,阿根廷-厄瓜多,Argentina-Ecuador
50000213,W07,阿根廷-英格蘭,Argentina-England
50000214,F19,阿根廷-法國,Argentina-France
50287503,09Y,阿根廷-岡比亞,Argentina-Gambia
50000215,F31,阿根廷-德國,Argentina-Germany
50287505,11Y,阿根廷-以色列,Argentina-Israel
50000216,F30,阿根廷-意大利,Argentina-Italy
50000217,O38,阿根廷-日本,Argentina-Japan
50000218,Y15,阿根廷-南韓,Argentina-Korea Republic
50000219,C06,阿根廷-墨西哥,Argentina-Mexico
50346604,08O,阿根廷-摩洛哥,Argentina-Morocco
50000220,F20,阿根廷-荷蘭,Argentina-Netherlands
50287502,08Y,阿根廷-新西蘭,Argentina-New Zealand
50539963,Y52,阿根廷-挪威,Argentina-Norway
50331283,C76,阿根廷-巴拿馬,Argentina-Panama
50000221,C04,阿根廷-巴拉圭,Argentina-Paraguay
50000222,C09,阿根廷-秘魯,Argentina-Peru
50000223,F40,阿根廷-葡萄牙,Argentina-Portugal
50000224,C53,阿根廷-卡塔爾,Argentina-Qatar
50000225,W06,阿根廷-西班牙,Argentina-Spain
50287506,12Y,阿根廷-突尼西亞,Argentina-Tunisia
50287501,07Y,阿根廷-美國,Argentina-USA
50000226,C03,阿根廷-烏拉圭,Argentina-Uruguay
50287504,10Y,阿根廷-烏茲別克,Argentina-Uzbekistan
50000227,C08,阿根廷-委內瑞拉,Argentina-Venezuela
50400775,RMM,阿根廷人MM,Argentino MM
50322731,ADQ,基爾梅斯阿根廷人,Argentino de Quilmes
50000228,AGJ,小阿根廷人,Argentinos Juniors
50000229,AML,阿里斯利馬素,Aris Limassol
50000230,ARI,阿里斯,Aris Thessaloniki
50000232,AKG,艾卡基迪尼亞,Arka Gdynia
50000233,ARL,阿勒斯,Arles
50000234,ARY,阿尼斯城,Arlesey Town
50000235,AAA,阿馬達爾,Armadale
50000236,ARM,阿美尼亞,Armenia
50000237,AMY,阿美尼亞U21,Armenia U21
50303172,ARW,阿美尼亞女足,Armenia Women
50353910,AJW,阿納巴莊那女足,Arna-Bjornar Women
50308222,AOS,阿路薩SC,Arosa SC
50000238,AOU,阿洛卡,Arouca
50000239,ARR,阿拉斯,Arras
50000240,ARS,阿仙奴,Arsenal
50289785,AVT,迪瓦特兵工廠,Arsenal Tivat
50000241,ATU,圖拉兵工廠,Arsenal Tula
50355596,FAW,阿仙奴女足,Arsenal Women
50569483,68U,阿仙奴-阿特蘭大,Arsenal-Atalanta
50324153,21U,阿仙奴-馬德里體育會,Arsenal-Atletico Madrid
50324155,23U,阿仙奴-巴塞隆拿,Arsenal-Barcelona
50407743,Q15,阿仙奴-拜仁慕尼黑,Arsenal-Bayern Munich
50407741,Q13,阿仙奴-賓菲加,Arsenal-Benfica
50569478,63U,阿仙奴-車路士,Arsenal-Chelsea
50324154,22U,阿仙奴-多蒙特,Arsenal-Dortmund
50407745,Q17,阿仙奴-飛燕諾,Arsenal-Feyenoord
50569479,64U,阿仙奴-加拉塔沙雷,Arsenal-Galatasaray
50407746,Q18,阿仙奴-國際米蘭,Arsenal-Inter Milan
50407744,Q16,阿仙奴-利華古遜,Arsenal-Leverkusen
50407742,Q14,阿仙奴-里爾,Arsenal-Lille
50569480,65U,阿仙奴-利物浦,Arsenal-Liverpool
50569482,67U,阿仙奴-曼城,Arsenal-Manchester City
50324156,24U,阿仙奴-巴黎聖日耳門,Arsenal-Paris Saint Germain
50569481,66U,阿仙奴-皇家馬德里,Arsenal-Real Madrid
50000242,ARP,帕沙卡,Artmedia Petrzalka
50330387,ARU,阿魯巴,Aruba
50000243,ASE,阿薩尼,Asane
50353909,WAN,阿薩尼女足,Asane Women
50000244,ASC,阿斯科利,Ascoli
50000245,W15,亞洲,Asia
50000246,ASK,艾斯卡,Asker
50000247,ASY,阿西里斯卡,Assyriska
50000248,ATP,卓普利斯,Asteras Tripolis
50000249,ASV,阿士東維拉,Aston Villa
50355597,AVW,阿士東維拉女足,Aston Villa Women
50407768,Q39,阿士東維拉-賓菲加,Aston Villa-Benfica
50324174,C60,阿士東維拉-布魯日,Aston Villa-Bruges
50407769,Q40,阿士東維拉-多蒙特,Aston Villa-Dortmund
50407771,Q42,阿士東維拉-飛燕諾,Aston Villa-Feyenoord
50324173,C59,阿士東維拉-費倫天拿,Aston Villa-Fiorentina
50407770,Q41,阿士東維拉-里爾,Aston Villa-Lille
50324175,C61,阿士東維拉-PAOK,Aston Villa-PAOK
50324172,C58,阿士東維拉-柏辛域陀尼亞,Aston Villa-Viktoria Plzen
50000250,WDF,禾爾多夫,Astoria Walldorf
50000251,ASG,艾斯特拉,Astra Giurgiu
50000252,ATA,阿特蘭大,Atalanta
50569520,06W,阿特蘭大-波杜基林特,Atalanta-Bodo Glimt
50324170,R99,阿特蘭大-韋斯咸,Atalanta-West Ham
50599716,ABN,阿特比森,Atert Bissen
50585201,ATH,競技體育會,Athletic Club MG
50000253,ALP,帕拉尼恩斯,Athletico Paranaense
50462475,AWW,阿斯隆女足,Athlone Town Women
50000254,ATB,阿特蘭大銀猩,Atlanta Silverbacks
50000255,ALU,阿特蘭大聯,Atlanta Utd
50000256,ATZ,阿蘭達斯,Atlantas
50000257,ATT,阿蘭特,Atlante
50000258,ATL,阿特拿斯,Atlas
50353921,AWT,阿特拿斯女足,Atlas Women
50541826,LDE,利達體育會CE,Atletic Lleida CE
50000259,ACE,艾斯卡迪斯體育會,Atletic d'Escaldes
50308211,AOG,艾斯托加體育會,Atletico Astorga
50000260,ALE,阿特蘭大競技,Atletico Atlanta
50000261,ABA,巴利阿利斯,Atletico Baleares
50397930,BUA,布卡拉曼格體育會,Atletico Bucaramanga
50000262,ACP,體育會,Atletico CP
50000263,CLQ,洛基城,Atletico Ciudad Lorqui
50000264,AGS,戈亞尼恩斯,Atletico Goianiense
50000265,GRU,格魯體育會,Atletico Grau
50000266,ATJ,青年體育會,Atletico Junior
50334216,APZ,拉巴斯體育會,Atletico La Paz
50308204,ASS,盧干尼斯體育會,Atletico Lugones
50000267,ATM,馬德里體育會,Atletico Madrid
50356287,AMW,馬德里體育會女足,Atletico Madrid Women
50569512,97U,馬德里體育會-阿特蘭大,Atletico Madrid-Atalanta
2724,U1C,馬體會-拜仁,Atletico Madrid-Bayern Munich
2737,U1Q,馬體會-賓菲加,Atletico Madrid-Benfica
50407764,U1Q,馬德里體育會-賓菲加,Atletico Madrid-Benfica
50000268,U70,馬德里體育會-多蒙特,Atletico Madrid-Dortmund
50407766,Q37,馬德里體育會-飛燕諾,Atletico Madrid-Feyenoord
50569511,96U,馬德里體育會-加拉塔沙雷,Atletico Madrid-Galatasaray
50407767,Q38,馬德里體育會-國際米蘭,Atletico Madrid-Inter Milan
50000269,U92,馬體會-祖雲達斯,Atletico Madrid-Juventus
50000270,U93,馬體會-李斯特,Atletico Madrid-Leicester
50407765,Q36,馬德里體育會-里爾,Atletico Madrid-Lille
2731,U1K,馬體會-曼城,Atletico Madrid-Man City
50000271,U71,馬體會-曼聯,Atletico Madrid-Man Utd
50000272,U85,馬體會-摩納哥,Atletico Madrid-Monaco
50000273,U83,馬體會-PSG,Atletico Madrid-PSG
50000274,U84,馬體會-波圖,Atletico Madrid-Porto
2726,U1E,馬體會-皇馬,Atletico Madrid-Real Madrid
2735,U1O,馬體會-禾夫斯堡,Atletico Madrid-Wolfsburg
50000275,AMH,曼查雷亞爾體育會,Atletico Mancha Real
50000276,ALM,明尼路,Atletico Mineiro
50562354,WMI,明尼路女足,Atletico Mineiro Women
50334217,MRL,莫雷利亞體育會,Atletico Morelia
50000277,ATN,國民體育會,Atletico Nacional
50562347,AOT,渥太華體育會,Atletico Ottawa
50000279,PPJ,彭度查體育會,Atletico Pantoja
50376069,APA,帕索體育會,Atletico Paso
50000280,RAE,拉費爾拿,Atletico Rafaela
50000281,SLS,聖路易斯體育會,Atletico San Luis
50353924,AWL,聖路易斯體育會女足,Atletico San Luis Women
50000282,ASQ,桑盧基安奴,Atletico Sanluqueno
50000283,TUC,圖庫曼體育會,Atletico Tucuman
50000284,AVZ,委內瑞拉體育會,Atletico Venezuela
50000285,ATS,艾杜美圖斯,Atromitos
50000286,ATV,阿維達貝治,Atvidabergs
50308224,AET,阿辛尼達,Atzeneta
50000287,ABV,奧巴維利亞斯,Aubervilliers
50000288,OKC,奧卡斯,Aucas
50000289,ACL,奧前歷克,Auchinleck Talbot
50000290,AUC,奧克蘭,Auckland City
50331714,AUF,奧克蘭FC,Auckland FC
50289779,FKA,艾達,Auda
50482956,ACG,切里尼奧拉,Audace Cerignola
50000291,ADX,奧達斯,Audax Italiano
50000292,AUD,奧達斯聖保羅,Audax Sao Paulo
50000293,AUE,奧厄,Aue
50000294,AUG,奧格斯堡,Augsburg
50000295,AUL,奧利拉克,Aurillac
50000296,AUR,奧羅拉,Aurora
50000297,AZX,奧斯丁阿迪斯,Austin Aztex
50000298,AUT,FC奧斯汀,Austin FC
50000299,AUA,澳洲,Australia
50000300,AUO,澳洲男奧足,Australia Oly Men
50000301,AU2,澳洲U20,Australia U20
50000302,AU3,澳洲U23,Australia U23
50000303,AUW,澳洲女足,Australia Women
50240657,AW2,澳洲女足U20,Australia Women U20
50329452,AW3,澳洲女足U23,Australia Women U23
50000304,P14,澳洲-巴林,Australia-Bahrain
50000305,P10,澳洲-中國,Australia-China
50000306,P03,澳洲-伊朗,Australia-Iran
50000307,P04,澳洲-伊拉克,Australia-Iraq
50000308,P01,澳洲-日本,Australia-Japan
50000309,P11,澳洲-約旦,Australia-Jordan
50000310,P08,澳洲-北韓,Australia-Korea DPR
50000311,P02,澳洲-南韓,Australia-Korea Republic
50000312,P13,澳洲-科威特,Australia-Kuwait
50296636,L16,澳洲-荷蘭,Australia-Netherlands
50000313,W39,澳洲-新西蘭,Australia-New Zealand
50296638,L18,澳洲-挪威,Australia-Norway
50000314,P12,澳洲-阿曼,Australia-Oman
50316046,86A,澳洲-巴勒斯坦,Australia-Palestine
50570276,P79,澳洲-菲律賓,Australia-Philippines
50000315,P09,澳洲-卡塔爾,Australia-Qatar
50000316,P05,澳洲-沙特,Australia-Saudi Arabia
50296637,L17,澳洲-南非,Australia-South Africa
50296635,L15,澳洲-瑞士,Australia-Switzerland
50000317,P43,澳洲-敘利亞,Australia-Syria
3313,P70,澳洲-泰國,Australia-Thailand
50316045,P70,澳洲-泰國,Australia-Thailand
50000318,P07,澳洲-阿聯酋,Australia-United Arab Emirates
50000319,P06,澳洲-烏茲別克,Australia-Uzbekistan
50560779,B38,澳洲-越南,Australia-Vietnam
50000320,AUS,奧地利,Austria
50000321,AKT,奧地利卡爾頓,Austria Karnten
50000322,AT2,奧地利U20,Austria U20
50000323,AUY,奧地利U21,Austria U21
50000324,AUV,奧地利維也納,Austria Vienna
50462420,WAV,奧地利維也納女足,Austria Vienna Women
50000325,ASW,奧地利女足,Austria Women
50334184,AA2,奧地利女足U20,Austria Women U20
50263643,AAU,奧托爾,Autol
50000326,AUX,歐塞爾,Auxerre
50000327,AVA,艾華爾,Avai
50000328,AGK,艾雲加特庫斯克,Avangard Kursk
50000329,AVL,艾維連奴,Avellino
50000330,AVE,艾維斯,Aves
50000331,AVO,阿維安,Avion
50000332,AVF,福岡黃蜂,Avispa Fukuoka
50313297,OCC,亞禾尼OCC,Avoine OCC
50000333,AVD,艾雲達爾,Avondale
50000334,AVR,阿夫朗甚,Avranches
50000335,IGS,阿耶古祖,Ayacucho
50000336,AYU,艾爾,Ayr United
50558124,ATY,大城聯,Ayutthaya Utd
50000337,AZE,阿塞拜疆,Azerbaijan
50000338,AZY,阿塞拜疆U21,Azerbaijan U21
50282158,ABW,阿塞拜疆女足,Azerbaijan Women
50308207,AZG,阿蘇加,Azuaga
50319127,AZC,沼津青藍,Azul Claro Numazu
50000339,AZU,艾蘇列斯,Azuriz
50000340,BTH,B36拖錫雲,B36 Torshavn
50000341,BFC,柏林戴拿模,BFC Dynamo
50000342,BKG,巴吞聯,BG Pathum Utd
50462457,BSW,奇姆肯特女足,BIIK Shymkent Women
50376065,BVV,巴倫德列治,BVV Barendrecht
50000343,BAB,巴比斯堡,Babelsberg
50000344,BAD,巴達隆拿,Badalona
50308205,BFU,巴達隆拿富托,Badalona Futur
50000345,BAE,巴洛姆,Baerum
50000346,BAM,巴哈馬,Bahamas
50000347,BHA,巴希亞,Bahia
50430575,WBH,巴希亞女足,Bahia Women
50000348,BDF,巴希亞迪費拉,Bahia de Feira
50000349,BAH,巴林,Bahrain
50000350,BR4,巴林男亞足,Bahrain AM
50357024,BH2,巴林U20,Bahrain U20
50599149,BR1,巴林U21,Bahrain U21
50000351,BR3,巴林U23,Bahrain U23
50316075,14B,巴林-印尼,Bahrain-Indonesia
50316074,13B,巴林-塔吉克,Bahrain-Tajikistan
50000353,BLT,巴拉城,Bala Town
50000354,BLI,巴拿尼洛斯,Balagne Ile Rousse
50000355,BLU,峇里聯,Bali Utd
50000356,BKK,巴爾迪卡,Baltika Kaliningrad
50000357,BAL,巴爾辛,Balzan
50544226,BWK,巴姆哈頓女足,Bam Khatoon Women
50000358,BKW,加古川山賊,Banditonce Kakogawa
50000359,BAF,班菲特,Banfield
50429161,WBF,班菲特女足,Banfield Women
50000360,BKU,曼谷聯,Bangkok Utd
50000361,BGD,孟加拉,Bangladesh
50000362,BG4,孟加拉男亞足,Bangladesh AM
50357021,BD2,孟加拉U20,Bangladesh U20
50302166,BA3,孟加拉U23,Bangladesh U23
50301661,BAW,孟加拉女足,Bangladesh Women
50581683,BG2,孟加拉女足U20,Bangladesh Women U20
50000363,BGR,賓高城,Bangor City
50000364,BAO,俄斯特拉法,Banik Ostrava
50000365,BNY,賓尼耶斯,Baniyas
50000366,BSD,賓士奧迪,Banks O'Dee
50585885,BSY,賓士鎮城,Bankstown City
50000367,BKD,巴拉卡度,Barakaldo CF
50000368,BBD,巴巴多斯,Barbados
50313302,UBB,巴爾巴斯特羅,Barbastro
50000369,BAR,巴塞隆拿,Barcelona
50000370,BLB,巴塞隆拿B隊,Barcelona B
50000371,BCE,SC巴斯隆拿,Barcelona SC
50356280,BCW,巴塞隆拿女足,Barcelona Women
50000372,U04,巴塞-尼科西亞,Barcelona-APOEL
50000373,R29,巴塞-阿積士,Barcelona-Ajax
50407729,Q02,巴塞隆拿-阿仙奴,Barcelona-Arsenal
50407731,Q04,巴塞隆拿-阿士東維拉,Barcelona-Aston Villa
3335,R77,巴塞-阿特蘭大,Barcelona-Atalanta
50569489,74U,巴塞隆拿-阿特蘭大,Barcelona-Atalanta
50000374,U75,巴塞隆拿-馬德里體育會,Barcelona-Atletico Madrid
50000375,U02,巴塞-拜仁,Barcelona-Bayern Munich
2730,U1J,巴塞-賓菲加,Barcelona-Benfica
50407730,Q03,巴塞隆拿-布魯日,Barcelona-Bruges
50000376,F51,巴塞隆拿-車路士,Barcelona-Chelsea
50000377,U16,巴塞-多蒙特,Barcelona-Dortmund
50000378,U19,巴塞隆拿-加拉塔沙雷,Barcelona-Galatasaray
50000379,F53,巴塞-國米,Barcelona-Inter Milan
50000380,U17,巴塞-祖雲達斯,Barcelona-Juventus
50000381,U89,巴塞-李斯特,Barcelona-Leicester
50000382,R02,巴塞隆拿-利物浦,Barcelona-Liverpool
50000383,U18,巴塞-馬拉加,Barcelona-Malaga
2723,U1B,巴塞-曼城,Barcelona-Man City
50000384,F52,巴塞-曼聯,Barcelona-Man Utd
50000385,R01,巴塞隆拿-曼城,Barcelona-Manchester City
50000386,U03,巴塞-馬賽,Barcelona-Marseille
50000387,U77,巴塞-摩納哥,Barcelona-Monaco
50407728,Q01,巴塞隆拿-燕豪芬,Barcelona-PSV Eindhoven
50000388,U62,巴塞隆拿-巴黎聖日耳門,Barcelona-Paris Saint Germain
50000389,U76,巴塞-波圖,Barcelona-Porto
3334,R76,巴塞-萊比錫,Barcelona-RB Leipzig
50000390,U01,巴塞隆拿-皇家馬德里,Barcelona-Real Madrid
50000391,F54,巴塞-史浩克,Barcelona-Schalke
50000392,R03,巴塞-西維爾,Barcelona-Sevilla
50000393,R28,巴塞-熱刺,Barcelona-Tottenham
2728,U1G,巴塞-禾夫斯堡,Barcelona-Wolfsburg
50000394,BBR,巴里,Bari
50000395,BCH,巴尼捷亞,Barnechea
50000396,BNT,班列特,Barnet
50000397,BAN,班士利,Barnsley
50585200,BRF,巴拉FC,Barra FC
50000398,BCT,巴拉卡斯中央,Barracas Central
50000399,BRW,巴羅,Barrow
50000400,BSK,巴沙克舒希,Basaksehir
50000401,BAS,巴素利,Basel
50289797,BHK,巴順陀羅國王,Bashundhara Kings
50000402,BST,貝辛斯托克,Basingstoke
50000403,BAT,巴斯蒂亞,Bastia
50000405,BBS,巴迪,Bate Borisov
50000406,BAC,巴斯城,Bath City
50353874,BFW,海灣FC女足,Bay FC Women
50000407,BMN,拜仁慕尼黑,Bayern Munich
50355608,BMW,拜仁慕尼黑女足,Bayern Munich Women
50000408,U08,拜仁-AC,Bayern Munich-AC Milan
50472588,Q62,拜仁慕尼黑-希拉爾,Bayern Munich-Al Hilal
50407749,Q21,拜仁慕尼黑-阿士東維拉,Bayern Munich-Aston Villa
3337,R79,拜仁-阿特蘭大,Bayern Munich-Atalanta
50000409,U61,拜仁慕尼黑-馬德里體育會,Bayern Munich-Atletico Madrid
50000410,U39,拜仁慕尼黑-巴塞隆拿,Bayern Munich-Barcelona
50000411,U09,拜仁慕尼黑-賓菲加,Bayern Munich-Benfica
50569487,72U,拜仁慕尼黑-波杜基林特,Bayern Munich-Bodo Glimt
50472586,Q60,拜仁慕尼黑-保地花高,Bayern Munich-Botafogo
50407748,Q20,拜仁慕尼黑-布魯日,Bayern Munich-Bruges
50000412,U07,拜仁慕尼黑-車路士,Bayern Munich-Chelsea
50000413,U25,拜仁慕尼黑-多蒙特,Bayern Munich-Dortmund
50472587,Q61,拜仁慕尼黑-富明尼斯,Bayern Munich-Fluminense
50000414,U28,拜仁-加拉塔,Bayern Munich-Galatasaray
50275663,UC6,拜仁慕尼黑-國際米蘭,Bayern Munich-Inter Milan
50000415,U73,拜仁-祖雲達斯,Bayern Munich-Juventus
50000416,U90,拜仁-李斯特,Bayern Munich-Leicester
50569488,73U,拜仁慕尼黑-利華古遜,Bayern Munich-Leverkusen
50000417,R09,拜仁-利物浦,Bayern Munich-Liverpool
50000418,U27,拜仁-馬拉加,Bayern Munich-Malaga
2725,U1D,拜仁-曼城,Bayern Munich-Man City
50000419,U74,拜仁-摩納哥,Bayern Munich-Monaco
50275662,UC5,拜仁-拿玻里,Bayern Munich-Napoli
50569484,69U,拜仁慕尼黑-紐卡素,Bayern Munich-Newcastle
50407747,Q19,拜仁慕尼黑-燕豪芬,Bayern Munich-PSV Eindhoven
50472585,Q59,拜仁慕尼黑-彭美拉斯,Bayern Munich-Palmeiras
50000420,U26,拜仁慕尼黑-巴黎聖日耳門,Bayern Munich-Paris Saint Germain
3368,R85,拜仁-波圖,Bayern Munich-Porto
3336,R78,拜仁-萊比錫,Bayern Munich-RB Leipzig
50000421,U38,拜仁-皇馬,Bayern Munich-Real Madrid
50000422,R10,拜仁-羅馬,Bayern Munich-Roma
50000423,R22,拜仁-西維爾,Bayern Munich-Sevilla
50569486,71U,拜仁慕尼黑-士砵亭,Bayern Munich-Sporting
50569485,70U,拜仁慕尼黑-熱刺,Bayern Munich-Tottenham
2729,U1H,拜仁-禾夫斯堡,Bayern Munich-Wolfsburg
50000424,BAY,巴安尼,Bayonne
50236469,BYU,拜羅伊特,Bayreuth
50000425,BWC,比斯活特城,Bayswater City
50263646,BEA,彼塞恩,Beasain
50000426,BMX,平陽,Becamex Binh Duong
50000427,WLJ,比士佐特VA,Beerschot VA
50000428,BEI,比拉馬,Beira Mar
50000429,BTJ,耶路撒冷比達,Beitar Jerusalem
50000430,BEL,白俄羅斯,Belarus
50000431,BLO,白俄羅斯男奧足,Belarus Oly Men
50000432,BEY,白俄羅斯U21,Belarus U21
50303163,BLW,白俄羅斯女足,Belarus Women
50000433,F85,白俄羅斯-捷克,Belarus-Czechia
50000434,F86,白俄羅斯-冰島,Belarus-Iceland
50000435,F87,白俄羅斯-瑞士,Belarus-Switzerland
50000436,F88,白俄羅斯-烏克蘭,Belarus-Ukraine
50260994,BLD,比蘭倫斯SAD,Belenenses SAD
50000438,BEG,比利時,Belgium
50000439,BGY,比利時U21,Belgium U21
50000440,BGW,比利時女足,Belgium Women
50324923,BW3,比利時女足U23,Belgium Women U23
50000441,W53,比利時-哥倫比亞,Belgium-Colombia
3393,14U,比利時-捷克,Belgium-Czech Republic
50275108,14U,比利時-捷克,Belgium-Czechia
3383,04U,比利時-丹麥,Belgium-Denmark
50000442,E48,比利時-英格蘭,Belgium-England
50000443,E49,比利時-意大利,Belgium-Italy
50000444,E50,比利時-葡萄牙,Belgium-Portugal
3388,09U,比利時-瑞典,Belgium-Sweden
3392,13U,比利時-烏克蘭,Belgium-Ukraine
3394,15U,比利時-威爾斯,Belgium-Wales
50000445,BLG,貝格拉諾,Belgrano
50429162,WBL,貝格拉諾女足,Belgrano Women
50000446,BLZ,伯利茲,Belize
50000447,BZN,比利素拿,Bellinzona
50000448,BVT,賓尼雲圖,Benevento
50000449,BEN,賓菲加,Benfica
50356297,BWF,賓菲加女足,Benfica Women
50000450,U15,賓菲加-尼科西亞,Benfica-APOEL
50407779,Q49,賓菲加-布魯日,Benfica-Bruges
50472616,Q90,賓菲加-法林明高,Benfica-Flamengo
50472615,Q89,賓菲加-國際邁亞密,Benfica-Inter Miami CF
2738,U1R,賓菲加-曼城,Benfica-Man City
50000451,U14,賓菲加-馬賽,Benfica-Marseille
50472617,Q91,賓菲加-蒙特雷,Benfica-Monterrey
2734,U1N,賓菲加-PSG,Benfica-PSG
2732,U1L,賓菲加-皇馬,Benfica-Real Madrid
50324166,R95,賓菲加-羅馬,Benfica-Roma
50324167,R96,賓菲加-韋斯咸,Benfica-West Ham
2739,U1S,賓菲加-禾夫斯堡,Benfica-Wolfsburg
50000452,BGL,班加羅爾,Bengaluru
50000453,BJN,貝寧,Benin
50000454,BJ2,貝寧U20,Benin U20
50541657,WBE,貝寧女足,Benin Women
50559170,B33,貝寧-莫桑比克,Benin-Mozambique
50559169,B32,貝寧-坦桑尼亞,Benin-Tanzania
50000455,BTG,賓特利綠軍,Bentleigh Greens
50000456,BGF,貝格雷斯,Bergerac Perigord
50000457,BMD,百慕達,Bermuda
50556031,WBM,百慕達女足,Bermuda Women
50000458,BER,比羅,Beroe
50000459,BEW,伯威克,Berwick Rangers
50000460,BSN,比辛干,Besancon
50000461,BES,比錫達斯,Besiktas
50000462,RBT,貝迪斯,Betis
50356292,BWT,貝迪斯女足,Betis Women
50000463,BHU,不丹,Bhutan
50357022,BT2,不丹U20,Bhutan U20
50598636,BWH,不丹女足,Bhutan Women
50000464,BIE,比勒費爾德,Bielefeld
50000465,BIL,畢爾包,Bilbao
50356284,BBW,畢爾包女足,Bilbao Women
50000466,BLC,比利列卡,Billericay Town
50000467,BKR,拜基卡拉,Birkirkara
50000468,BIR,伯明翰,Birmingham
50283465,BLE,伯明翰軍團,Birmingham Legion
50000469,BHP,比索史杜福特,Bishop's Stortford
50000470,BLA,布力般流浪,Blackburn
50000471,BLP,黑池,Blackpool
50000472,BTC,黑鎮城,Blacktown City
50585495,BKP,黑鎮斯巴達人,Blacktown Spartans
50000473,BGN,布拉尼亞克,Blagnac
50000474,BUB,秋田藍閃電,Blaublitz Akita
50000475,BFT,布洛瓦,Blois Foot 41
50000476,BOM,邦明,Blooming
50000477,BSP,斯巴坦斯,Blyth Spartans
50000478,BYD,賓尼耶赫達,Bnei Yehuda
50000479,BOA,博維斯塔,Boavista
50000480,BVS,博維斯塔SC,Boavista SC
50000481,BOJ,小保加,Boca Juniors
50429163,WBJ,小保加女足,Boca Juniors Women
50000482,BOC,波琴,Bochum
50000483,BOD,波杜基林特,Bodo Glimt
50397928,WBG,波杜基林特女足,Bodo Glimt Women
50000484,BHM,波希米亞人,Bohemians
50289776,BHN,波希美恩斯,Bohemians 1905
50308217,BOO,波伊洛,Boiro
50000485,BGM,博斯古拉美,Bois-Guillaume
50000486,BOI,玻利瓦爾,Bolivar
50000487,BVA,玻利維亞,Bolivia
50269130,BO2,玻利維亞U20,Bolivia U20
50315173,BV3,玻利維亞U23,Bolivia U23
50000488,BVW,玻利維亞女足,Bolivia Women
50323132,B2W,玻利維亞女足U20,Bolivia Women U20
50000489,BOG,博洛尼亞,Bologna
50000490,BOL,保頓,Bolton
50000491,BOB,邦巴拉倫斯,Bombarralense
50354155,BNI,波奈,Bonaire
50000492,BYR,邦尼里格玫瑰,Bonnyrigg Rose
50000493,BWE,邦尼里格白鷹,Bonnyrigg White Eagles
50000494,BBL,班查魯卡玻拉斯,Borac Banja Luka
50000495,BCK,玻拉斯,Borac Cacak
50000496,BOR,波爾多,Bordeaux
50000497,BHW,波利咸,Boreham Wood
50000498,BOS,波斯尼亞,Bosnia-Herzegovina
50000499,BHY,波斯尼亞U21,Bosnia-Herzegovina U21
50260115,BNW,波斯尼亞女足,Bosnia-Herzegovina Women
50566588,BWL,波士頓傳承女足,Boston Legacy Women
50000500,BTR,波士頓河,Boston River
50000501,BOT,波士頓聯,Boston Utd
50000502,BOF,保地花高,Botafogo
50000503,PRB,保地花高柏拉巴,Botafogo Paraiba
50000504,BTF,保地花高SP,Botafogo SP
50562353,WBO,保地花高女足,Botafogo Women
50472621,Q95,保地花高-國際邁亞密,Botafogo-Inter Miami CF
50472622,Q96,保地花高-蒙特雷,Botafogo-Monterrey
50000505,BTV,保迪夫,Botev
50000506,BOW,博茲瓦納,Botswana
50361309,2BW,博茲瓦納U20,Botswana U20
50000507,BO3,博茲瓦納U23,Botswana U23
50305645,BWW,博茲瓦納女足,Botswana Women
50000508,BSM,布羅尼,Boulogne Sur Mer
50000509,BPN,布爾格,Bourg Peronnas
50264783,BF1,布爾吉18,Bourges Foot 18
50000510,BOU,般尼茅夫,Bournemouth
50587191,BXU,博士山聯,Box Hill Utd
50000511,BYC,博亞卡捷高,Boyaca Chico
50000512,BKY,巴克利,Brackley
50262457,BTW,布萊克內爾城,Bracknell Town
50000513,BRA,巴拉福特,Bradford
50000514,BPA,巴拉福特公園,Bradford Park Avenue
50000515,BRG,布拉加,Braga
50462500,BWG,布拉加女足,Braga Women
50362141,WBG,布拉加女足,Braga Women
50000516,BGC,巴根卡,Braganca
50000517,BTT,布倫特里,Braintree Town
50000518,BNN,白蘭恩,Brann
50353903,NNW,白蘭恩女足,Brann Women
50000519,BPS,巴西佩洛塔斯,Brasil Pelotas
50000520,BSA,巴西利亞,Brasilia
50000521,BAI,巴西人,Brasiliense
50000522,BAV,巴拉特威格,Brattvag
50000523,BRC,布倫瑞克,Braunschweig
50000524,BRZ,巴西,Brazil
50000525,BZO,巴西男奧足,Brazil Oly Men
50000526,BR2,巴西U20,Brazil U20
50307398,BZ3,巴西U23,Brazil U23
50000527,BZW,巴西女足,Brazil Women
50240654,BW2,巴西女足U20,Brazil Women U20
50000528,O40,巴西-阿爾及利亞,Brazil-Algeria
50000529,F09,巴西-阿根廷,Brazil-Argentina
50000530,O01,巴西-白俄羅斯,Brazil-Belarus
50000531,W47,巴西-比利時,Brazil-Belgium
50000532,C17,巴西-玻利維亞,Brazil-Bolivia
50000533,F45,巴西-喀麥隆,Brazil-Cameroon
50331285,C79,巴西-加拿大,Brazil-Canada
50000534,C11,巴西-智利,Brazil-Chile
50000535,C12,巴西-哥倫比亞,Brazil-Colombia
50000536,C18,巴西-哥斯達黎加,Brazil-Costa Rica
50000537,F22,巴西-科特迪瓦,Brazil-Cote d'Ivoire
50000538,W48,巴西-克羅地亞,Brazil-Croatia
50000539,O28,巴西-丹麥,Brazil-Denmark
50000540,C14,巴西-厄瓜多爾,Brazil-Ecuador
50000541,Y07,巴西-埃及,Brazil-Egypt
50000542,F16,巴西-英格蘭,Brazil-England
50000543,F25,巴西-法國,Brazil-France
50000544,F17,巴西-德國,Brazil-Germany
50000545,O02,巴西-英國,Brazil-Great Britain
50000546,Y29,巴西-危地馬拉,Brazil-Guatemala
50000547,O41,巴西-洪都拉斯,Brazil-Honduras
50000548,O30,巴西-伊拉克,Brazil-Iraq
50000549,F06,巴西-意大利,Brazil-Italy
50331286,C80,巴西-牙買加,Brazil-Jamaica
50000550,O03,巴西-日本,Brazil-Japan
50000551,O04,巴西-南韓,Brazil-Korea Republic
50000552,C13,巴西-墨西哥,Brazil-Mexico
50000553,O05,巴西-摩洛哥,Brazil-Morocco
50000554,F12,巴西-荷蘭,Brazil-Netherlands
3419,03O,巴西-新西蘭,Brazil-New Zealand
50000555,Y02,巴西-尼日利亞,Brazil-Nigeria
50000556,F43,巴西-巴拉圭,Brazil-Paraguay
50000557,C16,巴西-秘魯,Brazil-Peru
50000558,W49,巴西-波蘭,Brazil-Poland
50000559,F07,巴西-葡萄牙,Brazil-Portugal
50000560,C52,巴西-卡塔爾,Brazil-Qatar
50000561,O06,巴西-塞內加爾,Brazil-Senegal
50263210,01F,巴西-塞爾維亞,Brazil-Serbia
50287495,01Y,巴西-斯洛伐克,Brazil-Slovakia
50000562,O07,巴西-西班牙,Brazil-Spain
50000563,O32,巴西-瑞典,Brazil-Sweden
50000564,O08,巴西-瑞士,Brazil-Switzerland
50000565,F44,巴西-烏拉圭,Brazil-Uruguay
50000566,C15,巴西-委內瑞拉,Brazil-Venezuela
50000567,BRH,布里金,Brechin City
50000568,BBK,比達比歷,Breidablik
50462450,WKB,比達比歷女足,Breidablik Women
50000569,BMH,不來梅港,Bremerhaven
50000570,BRN,賓福特,Brentford
50000571,BRE,布雷西亞,Brescia
50000572,BRS,比斯特,Brest
50000573,BRI,白禮頓,Brighton
50355598,BIW,白禮頓女足,Brighton Women
50329097,BBU,浦安槍船,Briobecca Urayasu
50000574,BBC,布里斯班城,Brisbane City
50000575,QLR,布里斯班獅吼,Brisbane Roar
50563260,BBY,布里斯班獅吼B隊,Brisbane Roar B
50377156,BWR,布里斯班獅吼女足,Brisbane Roar Women
50000576,BBT,布里斯班前鋒,Brisbane Strikers
50000577,BRT,布里斯托城,Bristol City
50000578,BRR,布里斯托流浪,Bristol Rovers
50330384,BVI,英屬處女群島,British Virgin Islands
50000579,BRV,比夫,Brive
50000580,BMM,布羅德梅多魔術,Broadmeadow Magic
50000581,BRM,布羅姆利,Bromley
50000582,BPK,布洛馬波卡納,Brommapojkarna
50353897,BJW,布洛馬波卡納女足,Brommapojkarna Women
50000583,BRO,邦比,Brondby
50566597,BYF,布魯克林FC,Brooklyn FC
50000584,BAG,保華流浪,Brora Rangers
50000585,BUG,布洛頓,Broughton
50000586,BRU,布魯日,Bruges
50324183,C69,布魯日-費倫巴治,Bruges-Fenerbahce
50407777,Q48,布魯日-飛燕諾,Bruges-Feyenoord
50324182,C68,布魯日-奧林比亞高斯,Bruges-Olympiakos
50000587,BDD,布蒙達爾,Brumunddal
50267250,BUE,汶萊,Brunei
50357040,BN2,汶萊U20,Brunei U20
50302162,BN3,汶萊U23,Brunei U23
50587193,BWY,布倫瑞克城,Brunswick City
50587192,BJU,布倫瑞克祖雲達斯,Brunswick Juventus
50327513,BQF,布斯基FC,Brusque FC
50000588,BRL,布魯塞爾,Brussels
50000589,BYN,拜尼,Bryne
50000590,BCN,FC富川,Bucheon FC
50000591,BKT,巴基,Buckie Thistle
50000592,BDN,布度洛斯,Buducnost Podgorica
50462465,BPW,布度洛斯女足,Buducnost Podgorica Women
50000593,BUL,保加利亞,Bulgaria
50000594,BUY,保加利亞U21,Bulgaria U21
50303170,BUW,保加利亞女足,Bulgaria Women
50585891,BLL,布琳獅子,Bulleen Lions
50308216,BUN,布尼奧爾,Bunol
50000595,BYK,賓約哥,Bunyodkor
50000596,BHS,貝豪森,Burghausen
50000597,BGS,貝高斯,Burgos
50000598,BUU,武里南聯,Buriram Utd
50000599,BKF,布基納法索,Burkina Faso
50599151,BK1,布基納法索女足,Burkina Faso Women
50315910,72A,布基納法索-安哥拉,Burkina Faso-Angola
50315909,71A,布基納法索-喀麥隆,Burkina Faso-Cameroon
50000600,A01,布基納-加蓬,Burkina Faso-Gabon
50315912,74A,布基納法索-毛里塔尼亞,Burkina Faso-Mauritania
50559167,B30,布基納法索-莫桑比克,Burkina Faso-Mozambique
50315911,73A,布基納法索-納米比亞,Burkina Faso-Namibia
50315913,75A,布基納法索-南非,Burkina Faso-South Africa
50559166,B29,布基納法索-坦桑尼亞,Burkina Faso-Tanzania
50000601,BUR,般尼,Burnley
50000602,BSS,貝沙,Bursaspor
50000603,BSC,伯斯哥夫,Burscough
50000604,BTA,伯頓,Burton Albion
50000605,BRD,布隆迪,Burundi
50000606,BRY,貝利,Bury
50000607,BSI,釜山偶像,Busan I'Park
50322931,BTP,釜山運輸,Busan Transportation
50265822,BUX,巴斯頓,Buxton
50000608,BYS,拜亞辛,Byasen
50322926,BYP,曦山球員,Byeoksan Players
50000609,CAO,CA安東尼安奴,CA Antoniano
50000610,CAB,CA巴斯蒂亞,CA Bastia
50000611,BGT,巴拉干天奴,CA Bragantino
50000612,CTC,CA科爾多瓦中央,CA Central Cordoba
50000613,CRR,切洛,CA Cerro
50566585,CYL,基利普,CA Claypole
50000614,DOU,CA海格,CA Douglas Haig
50000615,LNN,利倫斯,CA Linense
50000616,PPL,彭拿保蘭斯,CA Penapolense
50000617,CPE,CA普拉坦斯,CA Platense
50429164,WPA,CA普拉坦斯女足,CA Platense Women
50000618,PGO,CA普格雷素,CA Progresso
50324991,SIL,CA聖米格爾,CA San Miguel
50000619,SRC,索洛卡巴,CA Sorocaba
50263626,CDA,CD艾爾加,CD Algar
50000620,BDJ,CD巴達祖斯,CD Badajoz
50263636,CCO,迪奧塞沙奴,CD Diocesano
50000621,CDD,CD德拉貢,CD Dragon
50267252,CDE,CD艾丹斯,CD Eldense
50541827,CFS,艾斯迪邦拿FS,CD Estepona FS
50001143,EXM,CD埃斯特馬度拉,CD Extremadura
50000622,CDF,CD法斯,CD FAS
50290558,CFV,CD維亞爾,CD Fernandez Vial
3424,CFV,CD維亞爾,CD Fernandez Vial
50263649,FUE,CD富恩特斯,CD Fuentes
50263644,CDG,CD瓜達拉哈拉,CD Guadalajara
50000623,HRD,CD希雷迪亞,CD Heredia
50267910,ISP,CD伊比薩島,CD Ibiza Islas Pitiusas
50263632,CDL,利阿達,CD Lealtad
50000624,CMF,馬夫拉,CD Mafra
50000625,CDO,CD奧林比亞,CD Olimpia
50263638,CDC,CD連干,CD Rincon
50000626,CDV,CD維多利亞,CD Victoria
50000627,NVC,納瓦爾卡內羅,CDA Navalcarnero
50308214,CUE,CE歐羅巴,CE Europa
50000628,CFA,CF 阿美利加,CF America
50353916,CWA,CF阿美利加女足,CF America Women
50000437,BEE,CF比蘭倫斯,CF Belenenses
50000629,CFE,艾爾切,CF Elche
50000630,CFG,CF格蘭納達,CF Granada
50356288,CWG,CF格蘭納達女足,CF Granada Women
50267251,CFI,CF英特城,CF Intercity
50267254,CFL,CF拉紐西亞,CF La Nucia
50000631,CFM,梅里達,CF Merida
50000632,MIT,CF蒙特利爾,CF Montreal
50000633,RDU,雷烏斯,CF Reus Deportiu
50000634,VNV,維拉奴雲斯,CF Villanovense
50000635,CLJ,克盧日,CFR Cluj
50000636,CDR,CRB,CRB
50000637,CSS,阿拉戈亞諾,CS Alagoano
50000638,PUT,CS普亞度蘭奴,CS Puertollano
50000639,UCV,CS卡拉奧華大學,CS Universitatea Craiova
50000640,MUN,市政體育會,CSD Municipal
50289777,S48,中央陸軍1948,CSKA 1948 Sofia
50000641,CSK,莫斯科中央陸軍,CSKA Moscow
50430028,WCS,莫斯科中央陸軍女足,CSKA Moscow Women
50597991,CTU,卡布爾查體育,Caboolture Sports
50000643,CCR,卡些連奴,Cacereno
50000644,CAD,卡迪斯,Cadiz
50000645,CAN,卡昂,Caen
50331729,CNT,卡納芬,Caernarfon Town
50000646,CLS,加菲泰尼洛斯,Cafetaleros de Chiapas
50000647,CAG,卡利亞里,Cagliari
50000648,CAS,加來,Calais
50000649,CDS,SC卡迪斯,Caldas SC
50000650,CMC,卡馬查,Camacha
50000651,CBD,柬埔寨,Cambodia
50284854,CBW,柬埔寨女足,Cambodia Women
50000652,CRI,坎巴拉,Cambrai
50000653,CMB,劍橋城,Cambridge City
50000654,CAM,劍橋聯,Cambridge Utd
50000655,CBU,甘堡爾,Cambuur
50585886,CDT,甘頓老虎,Camden Tigers
50000656,CAE,喀麥隆,Cameroon
50000657,CM2,喀麥隆U20,Cameroon U20
50000658,CMW,喀麥隆女足,Cameroon Women
50320965,C2W,喀麥隆女足U20,Cameroon Women U20
50000659,W37,喀麥隆-澳洲,Cameroon-Australia
50559159,B22,喀麥隆-貝寧,Cameroon-Benin
50000660,07A,喀麥隆-布基納法索,Cameroon-Burkina Faso
50354717,57U,喀麥隆-加拿大,Cameroon-Canada
1735,Y28,喀麥隆-厄瓜多爾,Cameroon-Ecuador
50315914,76A,喀麥隆-赤道畿內亞,Cameroon-Equatorial Guinea
50000661,A96,喀麥隆-加蓬,Cameroon-Gabon
50354718,58U,喀麥隆-南韓,Cameroon-Korea Republic
50000662,06A,喀麥隆-馬里,Cameroon-Mali
50000663,A97,喀麥隆-摩洛哥,Cameroon-Morocco
50000664,W38,喀麥隆-新西蘭,Cameroon-New Zealand
50559158,B21,喀麥隆-蘇丹,Cameroon-Sudan
50000665,05A,喀麥隆-突尼,Cameroon-Tunisia
50295477,CPB,金寶鎮城,Campbelltown City
50000666,CAA,加拿大,Canada
50000667,CA2,加拿大U20,Canada U20
50000668,CAW,加拿大女足,Canada Women
50240646,CD2,加拿大女足U20,Canada Women U20
50354720,60U,加拿大-阿根廷,Canada-Argentina
50354719,59U,加拿大-奧地利,Canada-Austria
50346726,19O,加拿大-巴西,Canada-Brazil
50346727,20O,加拿大-哥倫比亞,Canada-Colombia
50000669,G33,加拿大-薩爾瓦,Canada-El Salvador
50462385,G52,加拿大-洪都拉斯,Canada-Honduras
50331300,D15,加拿大-巴拿馬,Canada-Panama
50331299,D13,加拿大-巴拉圭,Canada-Paraguay
50462384,G51,加拿大-沙特阿拉伯,Canada-Saudi Arabia
50295469,CCA,坎培拉克羅地亞,Canberra Croatia
50586664,CJV,坎培拉祖雲達斯,Canberra Juventus
50000670,CBR,坎培拉奧林匹克,Canberra Olympic
50377157,CUW,坎培拉聯女足,Canberra Utd Women
50586666,CWE,坎培拉白鷹,Canberra White Eagles
50334218,CUF,坎昆FC,Cancun FC
50310629,CNL,卡尼拿斯2010,Canelas 2010
50000671,CSI,盧斯利安,Canet Roussillon
50000672,CNE,康城,Cannes
50585890,CPF,卡帕拉巴FC,Capalaba FC
50000673,CVI,佛得角,Cape Verde Islands
50599148,CV1,佛得角女足,Cape Verde Islands Women
50315895,57A,佛得角-布基納法索,Cape Verde Islands-Burkina Faso
50315896,58A,佛得角-剛果民主共和國,Cape Verde Islands-D R Congo
50315897,59A,佛得角-赤道畿內亞,Cape Verde Islands-Equatorial Guinea
50315898,60A,佛得角-畿內亞,Cape Verde Islands-Guinea
50000674,CPV,卡比華蘭奴,Capivariano
50000675,CBB,卡拉保保,Carabobo
50000676,CAC,卡拉卡斯,Caracas FC
50000677,CAR,卡迪夫城,Cardiff
50462491,WFF,卡迪夫城女足,Cardiff Women
50000678,CZG,卡爾斯耶拿,Carl Zeiss Jena
50355617,CJW,卡爾斯耶拿女足,Carl Zeiss Jena Women
50000679,CAL,卡素爾,Carlisle
50000680,MNN,卡洛斯文路斯,Carlos Mannucci
50325829,CCE,卡羅萊納核心,Carolina Core
50000681,CRH,卡羅萊納鐵路鷹,Carolina RailHawks
50563256,CSG,卡羅琳泉佐治十字,Caroline Springs George Cross
50000682,CPI,卡比,Carpi
50000683,CQF,加確夫奧,Carquefou
50347119,CSE,卡拉雷斯,Carrarese
50000684,CRG,卡達真拿,Cartagena
50000685,CTG,卡達真尼斯,Cartagines
50000686,CAP,AC卡薩比亞,Casa Pia AC
50000687,CSN,卡斯迪隆,Castellon
50000688,CAT,卡坦尼亞,Catania
50297617,CZR,卡坦沙奴,Catanzaro
50316572,CVA,騎士SC,Cavalier SC
50316573,CAY,騎兵FC,Cavalry FC
50000689,CAV,卡瓦利,Cavaly AS
50000690,CAX,卡斯亞斯,Caxias
50000691,CYR,基古爾,Caykur Rizespor
50330386,CYI,開曼群島,Cayman Islands
50263622,CAZ,卡薩萊加斯,Cazalegas
50000692,CEA,施亞拉,Ceara
50334365,CBF,宿霧FC,Cebu FC
50000693,CLY,施拉耶,Celaya
50000694,CVO,切爾達,Celta Vigo
50000695,CEL,些路迪,Celtic
50356313,CFW,些路迪女足,Celtic Women
50000696,CAF,中非共和國,Central African Republic
50271426,CP2,中非共和國U20,Central African Republic U20
50000697,CCM,中岸水手,Central Coast Mariners
50377158,CCW,中岸水手女足,Central Coast Mariners Women
50479749,CBT,科爾多瓦羅沙里奧中央,Central Cordoba Rosario
50562875,CSL,西班牙人中央,Central Espanol
50000698,CEN,FC中央,Central FC
50000699,W16,中北美洲,Central and North America
50292868,CET,艾斯賓約中央,Centro Espanol
50000700,CER,布魯日舒高,Cercle Bruges
50000701,CEE,大阪櫻花,Cerezo Osaka
50355587,CWO,大阪櫻花女足,Cerezo Osaka Women
50000702,CLO,切洛拉高,Cerro Largo
50000703,CEP,波特諾,Cerro Porteno
50000704,CES,切塞納,Cesena
50000705,CEU,施奧達,Ceuta
50000706,CJN,小農夫,Chacarita Juniors
50295952,CEV,查克佛伊維,Chaco For Ever
50000707,CHD,乍得,Chad
50000708,CBY,查恩貝利,Chambery
50000709,CHB,查貝利,Chambly
50281567,CGC,昌原城,Changwon City
50000710,CHC,查比高恩斯,Chapecoense
50000711,CHR,查內爾,Charleroi
50000712,CSB,查勒斯頓炮台,Charleston Battery
50000713,CTT,夏洛特飛鷹,Charlotte Eagles
50000714,CLF,夏洛特FC,Charlotte FC
50000715,CHO,夏洛特獨立,Charlotte Independence
50000716,CHA,查爾頓,Charlton
50597760,WCN,查爾頓女足,Charlton Women
50000717,CTS,查爾特斯,Chartres
50000718,CST,查斯城,Chasetown
50000719,CHX,查多魯,Chateauroux
50000720,CTR,沙泰勒羅,Chatellerault
50283466,COG,查塔努加FC,Chattanooga FC
50325832,CWV,查塔努加紅狼,Chattanooga Red Wolves
50000721,CVY,察域尼,Chauvigny
50000722,CVS,查維斯,Chaves
50377051,CKP,佩沙諾夫斯科耶,Chayka Peschanokopskoye
50000723,CFD,燦斯福特,Chelmsford
50000724,CHE,車路士,Chelsea
50355599,CWL,車路士女足,Chelsea Women
50275667,UD1,車路士-AC,Chelsea-AC Milan
50000725,U11,車路士-尼科西亞,Chelsea-APOEL
50000726,U67,車路士-馬德里體育會,Chelsea-Atletico Madrid
50275668,UD2,車路士-賓菲加,Chelsea-Benfica
50569509,94U,車路士-波杜基林特,Chelsea-Bodo Glimt
50000727,U68,車路士-多蒙特,Chelsea-Dortmund
50472594,Q68,車路士-法林明高,Chelsea-Flamengo
50472593,Q67,車路士-國際邁亞密,Chelsea-Inter Miami CF
50275666,UC9,車路士-國米,Chelsea-Inter Milan
50472595,Q69,車路士-祖雲達斯,Chelsea-Juventus
50569510,95U,車路士-利華古遜,Chelsea-Leverkusen
50000728,U69,車路士-曼聯,Chelsea-Man Utd
50000729,U10,車路士-馬賽,Chelsea-Marseille
50472596,Q70,車路士-蒙特雷,Chelsea-Monterrey
50275665,UC8,車路士-拿玻里,Chelsea-Napoli
50569507,92U,車路士-紐卡素,Chelsea-Newcastle
3365,R81,車路士-PSG,Chelsea-PSG
50000730,F60,車路士-薩克達,Chelsea-Shakhtar
50569508,93U,車路士-士砵亭,Chelsea-Sporting
50000731,F59,車路士-熱刺,Chelsea-Tottenham
50000732,CHM,車頓咸,Cheltenham
50353986,CYK,車里雅賓斯克,Chelyabinsk
50000733,CHZ,真尼沙,Chemnitzer
50462429,CUG,成都蓉城,Chengdu Rongcheng
50000734,CNN,FC清奈城,Chennai City FC
50281565,CCY,天安城,Cheonan City
50000735,CBG,瑟堡,Cherbourg
50000736,CRM,查洛摩亞,Cherno More
50353987,CTM,莫斯科切達奴禾,Chertanovo Moscow
50430027,WCH,莫斯科切達奴禾女足,Chertanovo Moscow Women
50000737,CHT,車士打,Chester
50000738,CHS,車士打菲特,Chesterfield
50000739,CHU,清萊聯,Chiangrai Utd
2281,CPF,基亞帕斯美洲虎,Chiapas FC
50000740,JGU,基亞帕斯美洲虎,Chiapas Jaguar
50000741,CHF,芝加哥火燄,Chicago Fire
50325833,CII,芝加哥火燄二隊,Chicago Fire II
50283467,COS,芝加哥浩室,Chicago House
50353875,CWS,芝加哥之星女足,Chicago Stars Women
50308221,CCF,奇克拉納,Chiclana
50000742,CHI,基爾禾,Chievo
50000743,CHL,智利,Chile
50000744,CL2,智利U20,Chile U20
50307905,CH3,智利U23,Chile U23
50000745,CHW,智利女足,Chile Women
50323133,C2L,智利女足U20,Chile Women U20
50000746,W28,智利-澳洲,Chile-Australia
50000747,C26,智利-玻利維亞,Chile-Bolivia
50000748,C48,智利-巴西,Chile-Brazil
50000749,W27,智利-喀麥隆,Chile-Cameroon
50000750,C21,智利-哥倫比亞,Chile-Colombia
50000751,C27,智利-哥斯達黎加,Chile-Costa Rica
50000752,C23,智利-厄瓜多,Chile-Ecuador
50000753,C22,智利-墨西哥,Chile-Mexico
50000754,W29,智利-新西蘭,Chile-New Zealand
50331298,D11,智利-巴拿馬,Chile-Panama
50000755,C20,智利-巴拉圭,Chile-Paraguay
50000756,C25,智利-秘魯,Chile-Peru
50000757,W26,智利-俄羅斯,Chile-Russia
50000758,C19,智利-烏拉圭,Chile-Uruguay
50000759,C24,智利-委內瑞拉,Chile-Venezuela
50000760,CHN,中國,China
50000761,CN4,中國男亞足,China AM
50000762,CN2,中國U20,China U20
50000763,C2N,中國U22,China U22
50000764,CN3,中國U23,China U23
50000765,CNW,中國女足,China Women
50311765,HW2,中國女足U20,China Women U20
50560781,B40,中國-約旦,China-Jordan
50570279,P82,中國-南韓,China-Korea Republic
50570281,P84,中國-菲律賓,China-Philippines
50584043,P90,中國-泰國,China-Thailand
50570280,P83,中國-烏茲別克,China-Uzbekistan
50000766,CTP,中華台北,Chinese Taipei
50000767,TP4,中華台北男亞足,Chinese Taipei AM
50357025,C2T,中華台北U20,Chinese Taipei U20
50302155,CT3,中華台北U23,Chinese Taipei U23
50000768,TPW,中華台北女足,Chinese Taipei Women
50319132,CE2,中華台北女足U20,Chinese Taipei Women U20
50570283,P86,中華台北-菲律賓,Chinese Taipei-Philippines
50570284,P87,中華台北-烏茲別克,Chinese Taipei-Uzbekistan
50000769,CHP,切柏咸,Chippenham
50000770,CNB,春武里,Chonburi
50000771,COE,佐利,Chorley
50000772,COA,祖奴摩勒斯,Chornomorets Odesa
50000773,COO,佐利奴,Chorrillo
50322935,CCZ,春川市民,Chuncheon Citizen
50282150,CCH,忠北清州,Chungbuk Cheongju
50282151,CGA,忠南牙山,Chungnam Asan
50000774,CIB,施巴奧,Cibao
50000775,CCN,施恩施雅奴,Cienciano
50000776,CMN,施馬洛尼斯,Cimarrones Sonora
50000777,CIT,薛達迪拿,Cittadella
50324922,CUV,博利瓦爾,Ciudad de Bolivar
50000778,CLE,克萊蒙特,Clermont
50000779,CFT,基福維利,Cliftonville
50462471,WCV,基福維利女足,Cliftonville Women
50000780,CLG,哥賓貝格,Cloppenburg
50000781,TDO,十月十二日,Club 12 de Octubre
50406273,2DM,五月二日,Club 2 de Mayo
50000782,CLA,非洲會,Club Africain
50316753,CMI,米特體育會,Club Atletico Mitre
50000783,LEO,利昂,Club Leon
50353918,CLW,利昂女足,Club Leon Women
50000784,CNC,國民會,Club Nacional
50000785,OMP,奧林比亞會,Club Olimpia
50538934,WOP,奧林比亞會女足,Club Olimpia Women
50000786,CPL,帕祖利奴,Club Petrolero
50362139,YLW,布魯日女足,Club YLA Bruges Women
50000787,CBM,雷莫,Clube do Remo
50000788,CFC,克萊德,Clyde
50000789,CYB,克萊德班克,Clydebank
50000790,COB,哥比路亞,Cobreloa
50000791,CBL,科布雷素,Cobresal
50000792,CBC,確本城,Cockburn City
50000793,COC,高車士打,Colchester
50000794,CEI,高利寧,Coleraine
50544229,WCA,亞洲學者書院女足,College of Asian Scholars Women
50000795,CLM,科爾馬,Colmar
50000796,CCL,高路高路,Colo Colo
50538935,WCL,高路高路女足,Colo Colo Women
50000797,COL,科隆,Cologne
50355616,CGW,科隆女足,Cologne Women
50000798,COM,哥倫比亞,Colombia
50000799,CBO,哥倫比亞男奧足,Colombia Oly Men
50000800,CO2,哥倫比亞U20,Colombia U20
50307906,CL3,哥倫比亞U23,Colombia U23
50000801,COW,哥倫比亞女足,Colombia Women
50240645,CB2,哥倫比亞女足U20,Colombia Women U20
50354711,51U,哥倫比亞-阿根廷,Colombia-Argentina
50354710,50U,哥倫比亞-奧地利,Colombia-Austria
50354709,49U,哥倫比亞-喀麥隆,Colombia-Cameroon
50331289,C87,哥倫比亞-加拿大,Colombia-Canada
50000802,U46,哥倫比亞-智利,Colombia-Chile
2161,U56,哥倫比亞-克羅地,Colombia-Croatia
50000803,O43,哥倫比亞-丹麥,Colombia-Denmark
50000804,C54,哥倫比亞-厄瓜多爾,Colombia-Ecuador
50000805,Y10,哥倫比亞-埃及,Colombia-Egypt
50000806,Y09,哥倫比亞-英格蘭,Colombia-England
50287511,17Y,哥倫比亞-岡比亞,Colombia-Gambia
50000807,U53,哥倫比亞-加納,Colombia-Ghana
50000808,U57,哥倫比亞-希臘,Colombia-Greece
50287513,19Y,哥倫比亞-以色列,Colombia-Israel
50331291,C89,哥倫比亞-牙買加,Colombia-Jamaica
50000809,O35,哥倫比亞-日本,Colombia-Japan
50000810,C41,哥倫比亞-墨西哥,Colombia-Mexico
50539964,Y53,哥倫比亞-摩洛哥,Colombia-Morocco
50287510,16Y,哥倫比亞-新西蘭,Colombia-New Zealand
50000811,O44,哥倫比亞-尼日利,Colombia-Nigeria
50539965,Y54,哥倫比亞-挪威,Colombia-Norway
50000812,C50,哥倫比亞-巴拉圭,Colombia-Paraguay
50000813,C42,哥倫比亞-秘魯,Colombia-Peru
50000814,Y04,哥倫比亞-葡萄牙,Colombia-Portugal
50296661,L41,哥倫比亞-南非,Colombia-South Africa
50296660,L40,哥倫比亞-瑞士,Colombia-Switzerland
50287514,20Y,哥倫比亞-突尼西亞,Colombia-Tunisia
50000815,U48,哥倫比亞-土耳其,Colombia-Turkiye
50287509,15Y,哥倫比亞-美國,Colombia-USA
50000816,C49,哥倫比亞-烏拉圭,Colombia-Uruguay
50287512,18Y,哥倫比亞-烏茲別克,Colombia-Uzbekistan
50331290,C88,哥倫比亞-委內瑞拉,Colombia-Venezuela
50000817,CLN,高隆,Colon
50000818,CLR,科羅拉多急流,Colorado Rapids
50000819,CSP,科羅拉多泉坡路,Colorado Springs Switchbacks
50000820,CSC,哥倫布機員,Columbus Crew
50000821,CMR,商業足球會,Comercial FC
50000822,CAU,甘馬斯安迪斯聯,Comerciantes Unidos
50239611,CMO,科木,Como
50355621,CWM,科木女足,Como Women
50000823,CMS,科摩羅,Comoros
50361310,2CO,科摩羅U20,Comoros U20
50305646,CSW,科摩羅女足,Comoros Women
50000824,CPG,甘比尼,Compiegne
50308209,SOP,金寶斯迪拿,Compostela
50000825,CCC,通訊FC,Comunicaciones FC
50000826,CCU,干卡紐,Concarneau
50000827,CCD,干哥特流浪,Concord Rangers
50585199,CON,康菲安卡,Confianca
50533482,CAH,河內公安,Cong An Ha Noi
50000828,CGO,剛果,Congo
50000829,CG2,剛果U20,Congo U20
50289322,CO3,剛果U23,Congo U23
50000830,CNQ,康納斯碼頭,Connah's Quay Nomads
50000831,CSM,干蘇歷馬賽,Consolat Marseille
50476340,CKU,庫克斯山聯,Cooks Hill United
50000833,COP,哥本哈根,Copenhagen
50000834,CPP,哥比亞普,Copiapo
50000835,CUD,哥甘保,Coquimbo Unido
50000836,CRS,哥拉斯,Coras Tepic
50000837,CRB,科爾多瓦,Cordoba
50000838,COR,哥連泰斯,Corinthians
50000839,CRA,哥連泰斯 AL,Corinthians Alagoas
50000840,CPN,哥連泰斯 PR,Corinthians Paranaense
50430577,CWI,哥連泰斯女足,Corinthians Women
50000841,COI,哥列迪巴,Coritiba
50000842,CKC,曲克城,Cork City
50000843,CLL,哥尼拿,Cornella
50000844,UAT,哥雷卡米諾斯,Correcaminos UAT
50000845,CRT,科爾特,Corte
50331718,CVL,胡內多阿拉,Corvinul Hunedoara
50000846,COZ,科森察,Cosenza
50000847,CRC,哥斯達黎加,Costa Rica
50000848,CT2,哥斯達黎加U20,Costa Rica U20
50000849,CTW,哥斯達黎加女足,Costa Rica Women
50240653,CW2,哥斯達黎加女足U20,Costa Rica Women U20
50000850,G21,哥斯達-加拿大,Costa Rica-Canada
50000851,G23,哥斯達-薩爾瓦多,Costa Rica-El Salvador
50000852,G24,哥斯達-危地馬拉,Costa Rica-Guatemala
50000853,G20,哥斯達黎加-洪都拉斯,Costa Rica-Honduras
50000854,G22,哥斯達-牙買加,Costa Rica-Jamaica
50000855,G19,哥斯達-巴拿馬,Costa Rica-Panama
50000856,G25,哥斯達-千里達,Costa Rica-Trinidad and Tobago
50000857,CIV,科特迪瓦,Cote d'Ivoire
50000858,CIO,科特迪瓦男奧足,Cote d'Ivoire Oly Men
50322733,CI3,科特迪瓦U23,Cote d'Ivoire U23
50000859,CVW,科特迪瓦女足,Cote d'Ivoire Women
50000860,A52,科特迪瓦-阿爾及利亞,Cote d'Ivoire-Algeria
50000861,A02,科特迪瓦-安哥拉,Cote d'Ivoire-Angola
50000862,17A,科特迪瓦-貝寧,Cote d'Ivoire-Benin
50000863,A03,科特迪瓦-布基納法索,Cote d'Ivoire-Burkina Faso
50000864,A82,科特迪瓦-喀麥隆,Cote d'Ivoire-Cameroon
50000865,A53,科特迪瓦-佛得角,Cote d'Ivoire-Cape Verde Islands
50000866,A55,科特迪瓦-剛果民主共和國,Cote d'Ivoire-D R Congo
50000867,A81,科特迪瓦-埃及,Cote d'Ivoire-Egypt
50000868,A04,科特迪瓦-加蓬,Cote d'Ivoire-Gabon
50000869,A05,科特迪瓦-加納,Cote d'Ivoire-Ghana
50000870,A06,科特迪瓦-畿內亞,Cote d'Ivoire-Guinea
50000871,A07,科特迪瓦-利比亞,Cote d'Ivoire-Libya
50000872,18A,科特迪瓦-馬達加,Cote d'Ivoire-Madagascar
50000873,A08,科特迪瓦-馬里,Cote d'Ivoire-Mali
50315882,44A,科特迪瓦-毛里塔尼亞,Cote d'Ivoire-Mauritania
50000874,A09,科特迪瓦-摩洛哥,Cote d'Ivoire-Morocco
50559153,B16,科特迪瓦-莫桑比克,Cote d'Ivoire-Mozambique
50315883,45A,科特迪瓦-納米比亞,Cote d'Ivoire-Namibia
50000875,A51,科特迪瓦-尼日利,Cote d'Ivoire-Nigeria
50000876,A10,科特迪瓦-塞內,Cote d'Ivoire-Senegal
50000877,A50,科特迪瓦-南非,Cote d'Ivoire-South Africa
50000878,A11,科特迪瓦-蘇丹,Cote d'Ivoire-Sudan
50559152,B15,科特迪瓦-坦桑尼亞,Cote d'Ivoire-Tanzania
50000879,A54,科特迪瓦-多哥,Cote d'Ivoire-Togo
50000880,A12,科特迪瓦-突尼西,Cote d'Ivoire-Tunisia
50000881,01A,科特迪瓦-烏干達,Cote d'Ivoire-Uganda
50000882,A13,科特迪瓦-贊比亞,Cote d'Ivoire-Zambia
50000883,COT,科特布斯,Cottbus
50000884,COU,古爾倫,Cournon
50000885,PDD,派達德,Cova da Piedade
50000886,CVR,哥維流浪,Cove Rangers
50000887,COV,高雲地利,Coventry
50000888,CVH,高維拿,Covilha
50000889,CDB,哥頓比夫,Cowdenbeath
50000890,CWT,卡維尼,Crawley Town
50309995,CVP,克雷谷,Cray Valley PM
50000891,CME,克雷莫納,Cremonese
50000892,CRL,格迪爾,Creteil
50000893,CRE,克魯,Crewe
50000894,CMA,基斯奧馬,Criciuma
50000895,CRO,克羅地亞,Croatia
50000896,CI2,克羅地亞U20,Croatia U20
50000897,COY,克羅地亞U21,Croatia U21
50271433,CRW,克羅地亞女足,Croatia Women
3399,20U,克羅地亞-威爾斯,Croatia-Wales
50000898,CRX,確域斯,Croix Savoie
50000899,CRN,克羅托內,Crotone
50000900,CDN,北古斯路,Crucero del Norte
50000901,CSD,十字軍,Crusaders
50000902,CZA,藍十字,Cruz Azul
50353923,CWZ,藍十字女足,Cruz Azul Women
50000903,CRU,高士路,Cruzeiro
50430578,ZCW,高士路女足,Cruzeiro Women
50000904,CRV,貝爾格萊德紅星,Crvena Zvezda
50462480,WCZ,貝爾格萊德紅星女足,Crvena Zvezda Women
50000905,CRY,水晶宮,Crystal Palace
50355600,CPW,水晶宮女足,Crystal Palace Women
50000906,CUB,古巴,Cuba
50000907,CU2,古巴U20,Cuba U20
50000908,CCT,古古達,Cucuta
50000909,CUA,古亞巴,Cuiaba
50000910,CUK,古卡歷斯基,Cukaricki
50000911,LEA,利安尼沙,Cultural Leonesa
50599268,CUL,坎伯蘭聯,Cumberland Utd
50000912,CUR,庫拉索,Curacao
50000913,CCI,古里高聯,Curico Unido
50587334,CUU,科廷大學,Curtin University
50264287,CZT,古遜艾斯頓,Curzon Ashton
50000914,RGL,FC古斯哥,Cusco FC
50000915,CYP,塞浦路斯,Cyprus
50000916,CYY,塞浦路斯U21,Cyprus U21
50264490,CYW,塞浦路斯女足,Cyprus Women
50000917,CZE,捷克,Czechia
50000918,CR2,捷克U20,Czechia U20
50000919,CZY,捷克U21,Czechia U21
50264496,CZW,捷克女足,Czechia Women
50333331,CW3,捷克女足U23,Czechia Women U23
50000920,F89,捷克-冰島,Czechia-Iceland
50000921,F90,捷克-瑞士,Czechia-Switzerland
50000922,F91,捷克-烏克蘭,Czechia-Ukraine
50000923,COD,剛果民主共和國,D R Congo
50457690,DR2,剛果民主共和國U20,D R Congo U20
50329504,CDW,剛果民主共和國女足,D R Congo Women
50315905,67A,剛果民主共和國-安哥拉,D R Congo-Angola
50559163,B26,剛果民主共和國-貝寧,D R Congo-Benin
50559165,B28,剛果民主共和國-布基納法索,D R Congo-Burkina Faso
50315904,66A,剛果民主共和國-喀麥隆,D R Congo-Cameroon
50315907,69A,剛果民主共和國-毛里塔尼亞,D R Congo-Mauritania
50315906,68A,剛果民主共和國-納米比亞,D R Congo-Namibia
50315908,70A,剛果民主共和國-南非,D R Congo-South Africa
50559164,B27,剛果民主共和國-蘇丹,D R Congo-Sudan
50000924,DJS,斯特里達,DAC Dunajska Streda
50000925,DCU,華盛頓聯隊,DC United
50462484,DXW,洛格羅尼奧女足,DUX Logrono Women
50000926,DCA,達斯亞,Dacia Chisinau
50000927,DGU,FC大邱,Daegu FC
50000928,DJC,大田市民,Daejeon Citizen
50000929,DJK,大田國鐵,Daejeon Korail
50000930,DGH,杜根咸,Dagenham and Redbridge
50000931,DKD,達爾古特,Dalkurd
50334380,DAM,達馬克FC,Damac FC
50362143,WDM,達邁恩斯女足,Damaiense Women
50563253,DDC,丹德農城,Dandenong City
50461811,DTD,丹德農雷霆,Dandenong Thunder
50000932,DAN,達奴比奧,Danubio
50000933,DAR,達寧頓,Darlington
50000934,DAT,達斯泰特,Darmstadt
50000935,DRT,達特福特,Dartford
50000936,DAV,達維爾,Darvel FC
50334109,DHS,達爾文之心,Darwin Hearts
50000937,DAO,達爾文奧林匹克,Darwin Olympic
50000938,DRG,道加瓦列加,Daugava Riga
50000939,DDL,德頓獅隊,Dayton Dutch Lions
50000940,DEG,迪加史卓普,De Graafschap
50462466,DFW,迪加史卓普女足,De Graafschap Women
50000941,DTF,迪燦菲斯,De Treffers
50000942,DEB,迪比辛,Debrecen
50562351,DFO,國防軍,Defence Force
50000943,DYJ,防衛者,Defensa y Justicia
50000944,DFS,迪芬沙士砵亭,Defensor Sporting
50289695,DEU,迪芬沙斯聯,Defensores Unidos
50284552,DDB,貝格拉諾防衛隊,Defensores de Belgrano
50000945,DGF,迪加科斯,Degerfors
50000946,DLF,SC迪爾芬,Delfin SC
50000947,DBH,丹保殊,Den Bosch
50000948,ADO,海牙,Den Haag
50362113,DHW,海牙女足,Den Haag Women
50331732,DEH,丹達,Dender
50000949,DNA,丹尼亞,Denia
50000950,DEN,丹麥,Denmark
50000951,DMO,丹麥男奧足,Denmark Oly Men
50302294,DM2,丹麥U20,Denmark U20
50000952,DNY,丹麥U21,Denmark U21
50000953,DMW,丹麥女足,Denmark Women
50319605,DW3,丹麥女足U23,Denmark Women U23
3397,18U,丹麥-奧地利,Denmark-Austria
50000954,F80,丹麥-白俄羅斯,Denmark-Belarus
3396,17U,丹麥-克羅地亞,Denmark-Croatia
50000955,F81,丹麥-捷克,Denmark-Czechia
50000956,F82,丹麥-冰島,Denmark-Iceland
50000957,O45,丹麥-葡萄牙,Denmark-Portugal
50296647,L27,丹麥-南非,Denmark-South Africa
50000958,F83,丹麥-瑞士,Denmark-Switzerland
50000959,F84,丹麥-烏克蘭,Denmark-Ukraine
50566589,DSW,丹佛巔峰女足,Denver Summit Women
50331022,DCC,康塞普森體育,Deportes Concepcion
50331025,DLE,利馬切,Deportes Limache
50331023,DLS,利納雷斯體育,Deportes Linares
50000960,MLP,梅利比拉,Deportes Melipilla
50331024,DRL,列高列達,Deportes Recoleta
50288881,DSC,聖達古斯,Deportes Santa Cruz
50000961,TMC,迪莫高體育會,Deportes Temuco
50000962,DTO,杜利馬,Deportes Tolima
50000963,VDV,華迪維亞,Deportes Valdivia
50395390,DMN,明尼拿,Deportiva Minera
50000964,DEP,拉科魯尼亞,Deportivo
50000965,AZA,安索阿迪古,Deportivo Anzoategui
50430555,DEO,阿美尼奧,Deportivo Armenio
50000966,DPB,比納干奴,Deportivo Binacional
50000967,DCL,卡利,Deportivo Cali
50540159,DCW,卡利女足,Deportivo Cali Women
50000968,DPC,卡比亞塔,Deportivo Capiata
50000969,DEC,昆卡,Deportivo Cuenca
50319124,DGA,加西拉索,Deportivo Garcilaso
50000970,DLG,拉瓜爾拉,Deportivo La Guaira
50000971,DVL,拿拉體育會,Deportivo Lara
50236468,DMA,馬德林,Deportivo Madryn
50562915,DMP,邁佩,Deportivo Maipu
50268766,DMD,馬爾多納多,Deportivo Maldonado
50000972,DPM,摩倫,Deportivo Moron
50000973,MCP,慕尼斯帕爾,Deportivo Municipal
50000974,DPN,紐柏萊斯,Deportivo Nublense
50000975,DPO,帕斯度,Deportivo Pasto
50268767,DPE,佩雷拉,Deportivo Pereira
50000976,DIA,比達尼,Deportivo Petare
50000977,DPQ,基多,Deportivo Quito
50319125,DRZ,祖利亞諾,Deportivo Rayo Zuliano
50312807,DRA,萊斯查,Deportivo Riestra
50000978,DSJ,聖荷西體育會,Deportivo San Jose
50000979,DPS,辛坦尼,Deportivo Santani
50000980,DSP,薩普里沙,Deportivo Saprissa
50000981,DET,塔奇拉,Deportivo Tachira
50356293,LCW,拉科魯尼亞女足,Deportivo Women
50000982,DER,打比郡,Derby
50000983,DEY,德利城,Derry City
50000984,DCN,迪斯拿,Desna Chernihiv
50283453,DTY,底特律城,Detroit City
50000985,DVR,迪費朗維,Deveronvale
50000986,DCS,迪雲港前鋒,Devonport City Strikers
50587333,DWE,黛安拉白鷹,Dianella White Eagles
50482782,DHC,迪巴FC,Dibba FC
50000987,DFF,迪費丹治,Differdange
50000988,DIJ,迪安,Dijon
50362126,SJW,迪安女足,Dijon Women
50000989,DGO,迪拿哥里,Dila Gori
50000990,DBM,巴杜米戴拿模,Dinamo Batumi
50000991,BTD,比斯特戴拿模,Dinamo Brest
50000992,DNB,布加勒斯特戴拿模,Dinamo Bucuresti
50462417,DIC,戴拿模城,Dinamo City
50000993,DMK,明斯克戴拿模,Dinamo Minsk
50462424,MWM,明斯克戴拿模女足,Dinamo Minsk Women
50000994,DMC,莫斯科戴拿模,Dinamo Moscow
50430029,DWM,莫斯科戴拿模女足,Dinamo Moscow Women
50000995,DIN,第比利斯戴拿模,Dinamo Tbilisi
50000996,DNZ,薩格勒布戴拿模,Dinamo Zagreb
50313300,DLH,迪南里昂,Dinan Lehon
50600021,DYC,迪里耶會,Diriyah Club
50000997,DBT,吉布提,Djibouti
50000998,DJU,佐加頓斯,Djurgardens
50353891,DJW,佐加頓斯女足,Djurgardens Women
50000999,DNP,迪尼伯,Dnepr
50001000,DNI,迪尼普,Dnipro
50329100,DOC,多米尼克,Dominica
50288636,DRP,多明尼加共和國,Dominican Republic
3064,DMR,多米尼加共和國,Dominican Republic
50332399,DRO,多明尼加共和國男奧足,Dominican Republic Oly Men
50284408,SO2,多明尼加共和國U20,Dominican Republic U20
50307922,DR3,多明尼加共和國U23,Dominican Republic U23
50318623,DRW,多明尼加共和國女足,Dominican Republic Women
50001001,DMZ,當姆薩尼,Domzale
50001002,DON,唐卡士打,Doncaster
50001003,DOS,多拉多斯,Dorados
50001004,DDT,多德勒支,Dordrecht
50001005,DOR,多蒙特,Dortmund
50472614,Q88,多蒙特-希拉爾,Dortmund-Al Hilal
50472612,Q86,多蒙特-賓菲加,Dortmund-Benfica
50472611,Q85,多蒙特-保地花高,Dortmund-Botafogo
50407773,Q44,多蒙特-布魯日,Dortmund-Bruges
50472613,Q87,多蒙特-富明尼斯,Dortmund-Fluminense
50001006,U31,多蒙特-加拉塔,Dortmund-Galatasaray
50001007,U29,多蒙特-祖雲達斯,Dortmund-Juventus
50001008,U95,多蒙特-李斯特,Dortmund-Leicester
50001009,U72,多蒙特-曼聯,Dortmund-Man Utd
50001010,U94,多蒙特-摩納哥,Dortmund-Monaco
50001011,U30,多蒙特-PSG,Dortmund-PSG
50407772,Q43,多蒙特-燕豪芬,Dortmund-PSV Eindhoven
3369,R86,多蒙特-波圖,Dortmund-Porto
50001012,DVA,多佛,Dover Athletic
50001013,DCY,杜蘭斯,Drancy
50001014,DRE,特雷斯登,Dresden
50001015,DRI,達他,Drita
50001016,DBF,德洛巴福根,Drobak Frogn
50001017,DRU,杜希達,Drogheda United
50001018,DLD,特萊斯登,Droylsden
50541356,DUC,杜拜聯FC,Dubai United FC
50001019,DUD,杜迪蘭治,Dudelange
50001020,DUI,杜伊斯堡,Duisburg
50001021,DUM,鄧巴頓,Dumbarton
50310630,DJI,杜米恩斯,Dumiense
50001022,DDK,鄧達克,Dundalk
50001023,DUN,登地,Dundee
50001024,DUU,登地聯,Dundee Utd
50356318,DUW,登地聯女足,Dundee Utd Women
50001025,DUF,鄧弗姆林,Dunfermline
50462472,DNN,鄧根倫,Dungannon Swifts
50001026,DKQ,登卡基,Dunkerque
50001027,DDF,杜塞爾多夫,Dusseldorf
50001028,DYK,基輔戴拿模,Dynamo Kiev
50264782,DYM,馬哈奇卡拉戴拿模,Dynamo Makhachkala
50001029,SPD,聖彼德堡戴拿模,Dynamo St. Petersburg
50001030,EJO,莊達立,ECU Joondalup SC
50001031,ESF,施迪夫,ES Setif
50001494,GYR,ETO FC,ETO FC
50334362,EBG,東賓高,East Bengal
50544230,EWB,東賓高女足,East Bengal Women
50001032,EAF,伊斯菲,East Fife
50001033,EKB,東基爾布萊德,East Kilbride
50001034,ESR,東史特靈,East Stirlingshire
50001035,ETK,伊斯杜洛克,East Thurrock
50001036,EBB,伊斯特本,Eastbourne Borough
2933,ES1,東方,Eastern SC
50563257,EBF,布里斯班東區,Eastern Suburbs FC
50001037,ELH,伊斯特利,Eastleigh
50001038,EWD,伊斯活特,Eastwood
50001039,EBS,艾貝斯費特聯,Ebbsfleet Utd
50001040,EBR,伊布洛,Ebro
50001041,ECI,艾斯查,Ecija
50001042,ECU,厄瓜多爾,Ecuador
50001043,EC2,厄瓜多爾U20,Ecuador U20
50312513,EC3,厄瓜多爾U23,Ecuador U23
50001044,ECW,厄瓜多爾女足,Ecuador Women
50323134,E2W,厄瓜多爾女足U20,Ecuador Women U20
50287533,39Y,厄瓜多爾-岡比亞,Ecuador-Gambia
50287535,41Y,厄瓜多爾-以色列,Ecuador-Israel
1737,Y30,厄瓜多爾-南韓,Ecuador-Korea Republic
50001045,C51,厄瓜多爾-墨西哥,Ecuador-Mexico
50287532,38Y,厄瓜多爾-新西蘭,Ecuador-New Zealand
50331293,C98,厄瓜多爾-巴拿馬,Ecuador-Panama
50001046,C57,厄瓜多爾-巴拉圭,Ecuador-Paraguay
50001047,C47,厄瓜多爾-秘魯,Ecuador-Peru
50287536,42Y,厄瓜多爾-突尼西亞,Ecuador-Tunisia
50331292,C93,厄瓜多爾-美國,Ecuador-USA
50287534,40Y,厄瓜多爾-烏茲別克,Ecuador-Uzbekistan
2835,EWE,艾治禾夫鷹隊,Edgeworth Eagles
50001048,EDG,艾治禾夫鷹隊,Edgeworth Eagles
50001155,EDB,艾丁堡城,Edinburgh City
50001049,EGA,艾加里奧,Egaleo
50001050,EES,艾格辛特,Egersunds IK
50289788,EGN,伊格納迪亞,Egnatia
50001051,EGY,埃及,Egypt
50001052,EGO,埃及男奧足,Egypt Oly Men
50001053,EG2,埃及U20,Egypt U20
50289323,EG3,埃及U23,Egypt U23
50599147,EY1,埃及女足,Egypt Women
50559145,B08,埃及-阿爾及利亞,Egypt-Algeria
50315884,46A,埃及-安哥拉,Egypt-Angola
50001054,Y24,埃及-喀麥隆,Egypt-Cameroon
50315886,48A,埃及-佛得角,Egypt-Cape Verde Islands
50559147,B10,埃及-剛果民主共和國,Egypt-D R Congo
50001055,A94,埃及-加蓬,Egypt-Gabon
50001056,Y26,埃及-南韓,Egypt-Korea Republic
50001057,A95,埃及-馬里,Egypt-Mali
50315887,49A,埃及-毛里塔尼亞,Egypt-Mauritania
50001058,03A,埃及-摩洛哥,Egypt-Morocco
50559143,B06,埃及-莫桑比克,Egypt-Mozambique
50315885,47A,埃及-納米比亞,Egypt-Namibia
3420,04O,埃及-新西蘭,Egypt-New Zealand
50559146,B09,埃及-尼日利亞,Egypt-Nigeria
50315888,50A,埃及-南非,Egypt-South Africa
50559144,B07,埃及-坦桑尼亞,Egypt-Tanzania
50001059,04A,埃及-突尼,Egypt-Tunisia
50001060,EIB,伊巴,Eibar
50356282,EBW,伊巴女足,Eibar Women
50001061,EVD,艾斯禾特,Eidsvold
50001062,EJD,艾積多,Ejido
50312808,EKI,艾克納斯IF,Ekenas IF
50001063,ERN,伊蘭拿斯,Ekranas
50325827,EFS,艾法羅利托SC,El Farolito SC
50001064,EJH,艾查殊,El Jaish
50001065,ENL,國家體育會,El Nacional
50325834,EPL,艾爾帕索火車頭,El Paso Locomotive
50329099,ELP,艾波維尼爾,El Porvenir
50001066,ELS,薩爾瓦多,El Salvador
50001067,EV2,薩爾瓦多U20,El Salvador U20
50304919,EVW,薩爾瓦多女足,El Salvador Women
50001068,ETS,坦基西斯尼,El Tanque Sisley
2263,ELZ,艾拉錫,Elazigspor
50599726,EBA,艾巴辛尼,Elbasani
50355586,EWS,埼玉伊分女足,Elfen Saitama Women
50001069,ELF,艾夫斯堡,Elfsborg
50001070,EGC,艾珍城,Elgin City
50001071,ELV,艾華斯堡,Elversberg
50001072,EVR,艾爾華林,Elverum
50001073,EMC,艾美歷克,Emelec
50001074,EMM,安曼,Emmen
50001075,EMP,安玻里,Empoli
50001076,ENG,英格蘭,England
50001077,ENB,英格蘭B隊,England B
50001078,EL2,英格蘭U20,England U20
50001079,ELY,英格蘭U21,England U21
50001080,ELW,英格蘭女足,England Women
50556028,EN2,英格蘭女足U20,England Women U20
50319604,EW3,英格蘭女足U23,England Women U23
50001081,F18,英格蘭-阿根廷,England-Argentina
50001082,E51,英格蘭-奧地利,England-Austria
50001083,F75,英格蘭-白俄羅斯,England-Belarus
3380,01U,英格蘭-比利時,England-Belgium
50263214,01U,英格蘭-比利時,England-Belgium
50597839,S01,英格蘭-巴西,England-Brazil
50001084,Y23,英格蘭-喀麥隆,England-Cameroon
50597841,S03,英格蘭-哥倫比亞,England-Colombia
50001085,F46,英格蘭-科特迪瓦,England-Cote d'Ivoire
50001086,E21,英格蘭-克羅地亞,England-Croatia
50001087,F76,英格蘭-捷克,England-Czechia
50001088,F74,英格蘭-丹麥,England-Denmark
1420,F28,英格蘭-法國,England-France
50001089,F28,英格蘭-法國,England-France
50287497,03Y,英格蘭-岡比亞,England-Gambia
50001090,F13,英格蘭-德國,England-Germany
50001091,F77,英格蘭-冰島,England-Iceland
50287499,05Y,英格蘭-以色列,England-Israel
1402,F10,英格蘭-意大利,England-Italy
50001092,F10,英格蘭-意大利,England-Italy
50001093,Y34,英格蘭-日本,England-Japan
50001094,Y25,英格蘭-南韓,England-Korea Republic
50001095,F26,英格蘭-荷蘭,England-Netherlands
50287496,02Y,英格蘭-新西蘭,England-New Zealand
50296628,L08,英格蘭-挪威,England-Norway
50001096,E23,英格蘭-波蘭,England-Poland
1421,F29,英格蘭-葡萄牙,England-Portugal
50001097,F29,英格蘭-葡萄牙,England-Portugal
50001098,E22,英格蘭-俄羅斯,England-Russia
50330206,27U,英格蘭-塞爾維亞,England-Serbia
50296627,L07,英格蘭-南非,England-South Africa
50001099,W45,英格蘭-西班牙,England-Spain
50296629,L09,英格蘭-瑞典,England-Sweden
50001100,F78,英格蘭-瑞士,England-Switzerland
50287500,06Y,英格蘭-突尼西亞,England-Tunisia
50001101,Y37,英格蘭-美國,England-USA
50001102,F79,英格蘭-烏克蘭,England-Ukraine
50001103,Y51,英格蘭-烏拉圭,England-Uruguay
50287498,04Y,英格蘭-烏茲別克,England-Uzbekistan
50001104,Y32,英格蘭-委內,England-Venezuela
50001105,E54,英格蘭-威爾斯,England-Wales
50001106,EKP,安高平,Enkoping
50001107,ESG,安坦迪,Entente SSG
50001108,EVG,恩維加多,Envigado
50001109,EPI,埃皮納勒,Epinal
50001110,EGU,赤道畿內亞,Equatorial Guinea
50001111,EGW,赤道畿內亞女足,Equatorial Guinea Women
50315916,78A,赤道畿內亞-安哥拉,Equatorial Guinea-Angola
50315918,80A,赤道畿內亞-毛里塔尼亞,Equatorial Guinea-Mauritania
50315917,79A,赤道畿內亞-納米比亞,Equatorial Guinea-Namibia
50001112,ERY,埃斯耶,Erciyespor
50001113,ERF,艾福特,Erfurt
50581603,ERA,厄立特里亞,Eritrea
50001114,ERM,艾米斯,Ermis Aradippou
50001115,ESB,艾斯堡,Esbjerg
50001116,ESC,艾舒邦,Eschborn
50566591,EUW,艾斯基斯杜拿聯女足,Eskilstuna Utd Women
50001117,ESK,艾斯基沙希,Eskisehirspor
50001118,ESP,愛斯賓奴,Espanyol
50356294,EYW,愛斯賓奴女足,Espanyol Women
50001119,EPR,艾斯柏蘭斯,Esperance
50001120,ESS,艾遜,Essen
50355615,EWE,艾遜女足,Essen Women
1384,EGH,艾斯迪格拿,Esteghlal
50001121,EGH,艾斯迪格拿,Esteghlal FC
50001122,KZT,古澤斯坦,Esteghlal Khuzestan
50001123,EST,愛沙尼亞,Estonia
50001124,ETY,愛沙尼亞U21,Estonia U21
50264492,ETW,愛沙尼亞女足,Estonia Women
50001125,ESL,艾斯杜尼,Estoril
50362148,WET,艾斯杜尼女足,Estoril Women
50001126,ESD,學生隊,Estudiantes
50001127,ECC,卡拉卡斯學生隊,Estudiantes Caracas
50001128,ETU,卡塞羅斯學生隊,Estudiantes Caseros
50001129,RCT,里奧古亞圖學生隊,Estudiantes Rio Cuarto
50001130,ETC,達高斯,Estudiantes Tecos
50001131,EDM,梅里達學生隊,Estudiantes de Merida
50001132,ESW,伊斯瓦蒂尼,Eswatini
50361311,2EW,伊斯瓦蒂尼U20,Eswatini U20
50305647,EWW,伊斯瓦蒂尼女足,Eswatini Women
50001133,ETH,埃塞俄比亞,Ethiopia
50541434,EPW,埃塞俄比亞女足,Ethiopia Women
50320969,EW2,埃塞俄比亞女足U20,Ethiopia Women U20
50544235,WEC,伊蒂哈德會女足,Etihad Club Women
50001134,ESH,沙希爾星隊,Etoile Sahel
50001135,EPN,奧伊本,Eupen
50001136,ERP,FC烏路柏,Europa FC
50001137,W17,歐洲,Europe
50001138,EVE,愛華頓,Everton
50001139,EVM,維拿迪馬愛華頓,Everton VM
50355601,EEW,愛華頓女足,Everton Women
50001140,ETG,伊維恩,Evian TG
50001141,EXE,精英隊,Excelsior
50314191,EMA,馬斯路易斯精英隊,Excelsior Maassluis
50362116,EXW,精英隊女足,Excelsior Women
50001142,ECY,埃克塞特,Exeter City
1199,EZE,伊辛維利,Ezanville Ecouen
50331724,SIU,FA希奧利艾,FA Siauliai
50384872,FC9,博比尼,FC 93 Bobigny
50462490,AIJ,FC安集延,FC Andijon
50001144,FAD,FC安道爾,FC Andorra
50001145,FAY,FC安養,FC Anyang
50001146,AST,艾斯坦拿,FC Astana
50001147,FBK,FC巴爾干尼,FC Ballkani
50001148,FBJ,FC北京,FC Beijing
50000404,BBO,FC波高,FC Borgo
50313294,FLL,FC沙朗斯,FC Challans
50001149,FCC,FC長春,FC Changchun
50001150,FCU,FC成都,FC Chengdu
50001151,CTA,FC基塔,FC Chita
50001152,CIN,FC辛辛那提,FC Cincinnati
50001153,FCD,FC達拉斯,FC Dallas
50001154,DGV,FC杜加瓦,FC Daugava
50001156,FEH,FC愛媛,FC Ehime
50001157,EVN,FC燕豪芬,FC Eindhoven
50001158,FCE,酋長會,FC Emirates
50001159,GFU,FC岐阜,FC Gifu
50001160,GOA,FC高亞,FC Goa
50001161,GZP,FC廣州,FC Guangzhou
50001162,GUZ,FC貴州,FC Guizhou
50001163,FCH,FC 哈林,FC Haarlem
50001164,FHZ,FC杭州,FC Hangzhou
50001165,HNN,FC河南,FC Henan
50001166,FHD,FC本田,FC Honda
50001167,FIB,FC今治,FC Imabari
50000352,BKI,FC伊爾庫茨克,FC Irkutsk
50331726,ISL,FC伊斯洛,FC Isloch
50001168,JGS,FC江蘇,FC Jiangsu
50267914,KTK,FC KTP,FC KTP
50001169,FKZ,卡馬斯,FC Kamaz
50376067,FSS,FC利瑟,FC Lisse
50001170,FMU,FC曼市聯,FC Manchester
1466,MMI,FC邁亞密,FC Miami
50001171,MSK,FC明斯克,FC Minsk
50462425,FMW,FC明斯克女足,FC Minsk Women
50001172,MPC,FC木浦,FC Mokpo
50001173,MOV,FC莫斯科,FC Moskva
50001174,CDM,FC莫塔瓜,FC Motagua
50584428,FCP,FC那不勒斯,FC Naples
50001175,FCN,FC紐約,FC New York
50001176,OPY,FC下諾夫哥羅德,FC Nizhny Novgorod
50331725,NOA,FC諾亞,FC Noah
50001177,GZO,FC奧倫堡,FC Orenburg
50319128,FSA,FC大阪,FC Osaka
50001178,ADR,FC流浪,FC Ranger's
50001179,FCR,FC琉球,FC Ryukyu
50001180,SRD,森查迪亞,FC Samtredia
50289790,FSC,FC聖達哥林瑪,FC Santa Coloma
50001181,SNU,達圖山度士,FC Santos Tartu
50482955,S05,FC施韋因富特,FC Schweinfurt
50001182,SDA,FC仙台,FC Sendai
50001183,SEO,FC首爾,FC Seoul
50001184,FSG,史芬圖爾,FC Sfintul Gheorghe
50001185,FSD,FC山東,FC Shandong
50001186,FSH,FC上海,FC Shanghai
50001187,SHZ,FC深圳,FC Shenzhen
50462442,FPI,FC斯帕爾,FC Spaeri
50001188,STE,布加勒斯特星隊,FC Steaua Bucuresti
50289773,FCS,FC史度加,FC Struga
50001189,TMB,FC坦波夫,FC Tambov
50001190,FTJ,FC天津,FC Tianjin
50001191,FCO,FC東京,FC Tokyo
50001192,TUS,FC杜臣,FC Tucson
50001193,FTS,FC塔爾薩,FC Tulsa
50001194,FVS,FC凡爾賽,FC Versailles
50001195,VTC,維托魯干斯坦達,FC Viitorul Constanta
50001196,FCA,FC橫濱,FC Yokohama
50289800,ZHE,FC浙江,FC Zhejiang
50001197,ZLN,施連,FC Zlin
50001198,FCB,FCB喜鵲,FCB Magpies
50001199,LTN,FCI利維迪亞,FCI Levadia
50001200,HJA,夏拿佐杜亞,FH Hafnarfjaroar
50462488,ARK,阿卡達,FK Arkadag
50462460,FBA,FK班加,FK Banga
50600011,BEO,比奧格特,FK Beograd
50001201,FKD,德錫,FK Decic
50001202,FID,達尼洛夫格萊德,FK Iskra Danilovgrad
50001203,FKK,卡斯洛達,FK Krasnodar
50430033,FKW,卡斯洛達女足,FK Krasnodar Women
50001204,KKS,古基斯,FK Kukesi
50001205,LPJ,利柏查,FK Liepaja
50001206,MBO,波利斯拉夫,FK Mlada Boleslav
50001207,FKM,FK馬拿度斯,FK Mladost
50001208,TRK,列達利亞爾,FK Riteriai
50001209,SRJ,薩拉熱窩,FK Sarajevo
50289772,FKC,FK TSC,FK TSC
50001210,FKT,迪達斯,FK Teteks
50331721,TSV,FK特蘭斯,FK Transinvest
50001211,TNV,特爾諾禾,FK Turnovo
50001212,VSP,雲特史比斯,FK Ventspils
50001213,ZTA,薛達,FK Zeta
50001215,FSV,FSV法蘭克福,FSV Frankfurt
50001216,ZWU,薛維卡,FSV Zwickau
50313295,FGU,法比古斯,Fabregues
50001217,OKY,岡山綠雉,Fagiano Okayama
50001218,FON,岡山綠雉二隊,Fagiano Okayama Next
50001219,FKV,法高爾佛羅內什,Fakel Voronezh
50001220,FKB,科根堡,Falkenbergs
50001221,FFC,福爾柯克,Falkirk
50001222,FMC,法馬利卡奧,Famalicao
50362149,WFA,法馬利卡奧女足,Famalicao Women
50001223,FAE,法倫斯,Farense
50265823,FBO,法恩堡FC,Farnborough FC
50001224,FAR,法羅群島,Faroe Islands
50001225,FIY,法羅群島U21,Faroe Islands U21
50282162,FIW,法羅群島女足,Faroe Islands Women
50001226,FAS,法士利,Farsley
50001227,FAL,化奴,Farul
50462476,FWR,化奴女足,Farul Women
50001228,FTM,法蒂瑪,Fatima
50001229,VDT,FC費夏華,Fehervar FC
50313293,FAU,費真尼斯歐努耶,Feignies Aulnoye
50001230,FRS,費倫斯,Feirense
50001231,FEN,費倫巴治,Fenerbahce
50324185,C71,費倫巴治-PAOK,Fenerbahce-PAOK
50324184,C70,費倫巴治-柏辛域陀尼亞,Fenerbahce-Viktoria Plzen
50001232,FNX,芬斯,Fenix
50239610,FPS,費拉爾比沙洛,Feralpisalo
50001233,FES,費倫斯華路士,Ferencvaros
50462449,FVW,費倫斯華路士女足,Ferencvaros Women
50001234,FER,費利拿,Ferreira
50001235,FRR,費羅卡利,Ferro Carril Oeste
50429165,FCW,費羅卡利女足,Ferro Carril Oeste Women
50560816,FOM,費羅卡利米蘭特,Ferrocarril Midland
50001236,FVA,費路維拉亞,Ferroviaria
50430579,WFR,費路維拉亞女足,Ferroviaria Women
50001237,FRO,費羅維里奧,Ferroviario CE
50001238,FEY,飛燕諾,Feyenoord
50362117,FYW,飛燕諾女足,Feyenoord Women
50001239,FIG,費古倫斯,Figueirense
50331044,FIJ,斐濟,Fiji
50001240,FJO,斐濟男奧足,Fiji Oly Men
50001241,Fj2,斐濟U20,Fiji U20
2531,FJ2,斐濟U20,Fiji U20
50348357,FI2,斐濟女足U20,Fiji Women U20
50001242,FIN,芬蘭,Finland
50001243,FNY,芬蘭U21,Finland U21
50001244,FLW,芬蘭女足,Finland Women
50324203,FL3,芬蘭女足U23,Finland Women U23
50001245,FIO,費倫天拿,Fiorentina
50355622,FWI,費倫天拿女足,Fiorentina Women
50324178,C64,費倫天拿-費倫巴治,Fiorentina-Fenerbahce
50324176,C62,費倫天拿-里爾,Fiorentina-Lille
50324177,C63,費倫天拿-奧林比亞高斯,Fiorentina-Olympiakos
50001246,FLA,法林明高,Flamengo
50430580,WFL,法林明高女足,Flamengo Women
50472620,Q94,法林明高-希拉爾,Flamengo-Al Hilal
50472618,Q92,法林明高-保地花高,Flamengo-Botafogo
50472619,Q93,法林明高-富明尼斯,Flamengo-Fluminense
50001247,FLT,法拿莫達利,Flamurtari
50001248,FTW,費列活特,Fleetwood
50001249,FKY,費萊克羅,Flekkeroy
50001250,FUY,費路里,Fleury 91 FC
50362131,FUW,費路里女足,Fleury Women
50001251,FLR,科羅拉,Flora Tallinn
50462437,WFT,科羅拉女足,Flora Tallinn Women
50001252,FAT,科列雅典娜,Floreat Athena
50001253,FLO,科利安拿,Floriana
50283458,FYU,花城聯,Flower City Union
50001254,FLU,富明尼斯,Fluminense
50430581,WFU,富明尼斯女足,Fluminense Women
50472623,Q97,富明尼斯-國際邁亞密,Fluminense-Inter Miami CF
50472624,Q98,富明尼斯-蒙特雷,Fluminense-Monterrey
50001255,FOA,科拉,Fola
50001256,FOL,科路,Follo
50001257,FTV,科天尼雲迪,Fontenay Vendee
50001258,FKH,富拿特,Foolad Khozestan
50001259,FBH,福爾巴克,Forbach
50001260,FRG,格連森林,Forest Green Rovers
50001261,FFA,福弗爾,Forfar Athletic
50001262,FOF,鍛鋼FC,Forge FC
50001263,FMR,科文特拉,Formentera
50001264,FLS,勞德代爾堡前鋒,Fort Lauderdale Strikers
50001265,FOR,福塔雷薩,Fortaleza
50001266,FTG,幸運科隆,Fortuna Cologne
50462434,FHW,幸運約靈女足,Fortuna Hjorring Women
50001267,FTT,幸運薛達,Fortuna Sittard
50362118,FSW,幸運薛達女足,Fortuna Sittard Women
50001268,FRA,法國,France
50001269,FRB,法國A隊,France A
50001270,FAO,法國男奧足,France Oly Men
50001271,FR2,法國U20,France U20
50001272,FRY,法國U21,France U21
50322732,FR3,法國U23,France U23
50001273,FRW,法國女足,France Women
50001274,FW2,法國女足U20,France Women U20
50324149,FW3,法國女足U23,France Women U23
50001275,W50,法國-阿根廷,France-Argentina
50001276,E37,法國-奧地利,France-Austria
50001277,E35,法國-比利時,France-Belgium
50597838,P93,法國-巴西,France-Brazil
50001278,Y14,法國-喀麥隆,France-Cameroon
50346723,16O,法國-加拿大,France-Canada
50001279,Y03,法國-哥倫比亞,France-Colombia
50001280,E36,法國-克羅地亞,France-Croatia
3387,08U,法國-捷克,France-Czech Republic
50275110,08U,法國-捷克,France-Czechia
50001281,W46,法國-丹麥,France-Denmark
2310,W11,法國-英格蘭,France-England
50001282,W11,法國-英格蘭,France-England
3400,21U,法國-英格蘭,France-England
50290552,E64,法國-格魯吉亞,France-Georgia
50001283,E33,法國-德國,France-Germany
50001284,U54,法國-伊拉克,France-Iraq
50290551,E63,法國-以色列,France-Israel
50001285,W09,法國-意大利,France-Italy
50001286,Y33,法國-日本,France-Japan
50001287,Y16,法國-南韓,France-Korea Republic
50001288,Y06,法國-墨西哥,France-Mexico
50346603,07O,法國-摩洛哥,France-Morocco
50001289,W10,法國-荷蘭,France-Netherlands
50001290,Y49,法國-新西蘭,France-New Zealand
50001291,U50,法國-尼日利亞,France-Nigeria
50296631,L11,法國-挪威,France-Norway
50001292,U41,法國-巴拉圭,France-Paraguay
50001293,E39,法國-波蘭,France-Poland
50001294,F50,法國-葡萄牙,France-Portugal
50001295,E42,法國-羅馬尼亞,France-Romania
50001296,E31,法國-俄羅斯,France-Russia
50330207,28U,法國-塞爾維亞,France-Serbia
50296630,L10,法國-南非,France-South Africa
50001297,E34,法國-西班牙,France-Spain
50001298,E40,法國-瑞典,France-Sweden
50001299,E38,法國-瑞士,France-Switzerland
50001300,E41,法國-土耳其,France-Turkiye
50001301,Y35,法國-美國,France-USA
50001302,E32,法國-烏克蘭,France-Ukraine
50001303,U43,法國-烏拉圭,France-Uruguay
50001304,Y31,法國-委內,France-Venezuela
50001305,E53,法國-威爾斯,France-Wales
50307902,FBR,法郎波蘭斯,Francs Borains
50001306,FRT,法蘭克福,Frankfurt
50001307,FFW,法蘭克福女足,Frankfurt Women
50585884,FPC,費沙公園FC,Fraser Park FC
50001308,FBG,弗雷澤堡,Fraserburgh
50001309,FMD,費蒙特,Freamunde
50001310,FRD,費德列斯達,Fredrikstad
50001311,FRE,弗賴堡,Freiburg
50355614,FBW,弗賴堡女足,Freiburg Women
50001312,FJS,弗雷吉斯,Frejus
50587336,FTC,弗里曼特爾城,Fremantle City
50001313,FGN,法屬圭亞那,French Guiana
50568211,FG2,法屬圭亞那U20,French Guiana U20
50001314,FSN,費辛隆尼,Frosinone
50001315,FLB,富恩拉巴達,Fuenlabrada
50001316,FZA,富亞薩阿馬利拉,Fuerza Amarilla
50001317,FFJ,福格拉夫約杜爾,Fuglafjordur
50001318,MYF,藤枝MYFC,Fujieda MYFC
50001319,FKU,福島聯,Fukushima Utd
50001320,FUL,富咸,Fulham
50587331,FUD,富咸聯,Fulham Utd
50001321,FYG,費林根,Fyllingen
50001322,GIS,加爾斯,GAIS
50001323,GRA,格拉茨AK,GAK
50001324,GBA,比斯查,GBA
50001325,GAJ,GFCO阿些斯奧,GFCO Ajaccio
50599722,GKK,GKS卡托維治,GKS Katowice
50462474,GWS,GKS卡托維治女足,GKS Katowice Women
50406271,GVJ,GV聖荷西,GV San Jose
50312806,GVV,GVVV,GVVV
50001326,GBN,加蓬,Gabon
50001327,GNO,加蓬男奧足,Gabon Oly Men
50289326,GA3,加蓬U23,Gabon U23
50001328,A14,加蓬-安哥拉,Gabon-Angola
50001329,09A,加蓬-布基納,Gabon-Burkina Faso
50001330,08A,加蓬-馬里,Gabon-Mali
50001331,A98,加蓬-摩洛哥,Gabon-Morocco
50001332,A99,加蓬-突尼,Gabon-Tunisia
50001333,A15,加蓬-贊比亞,Gabon-Zambia
50001334,GTT,鳥取飛翔,Gainare Tottori
50001335,GSB,根斯堡,Gainsborough Trinity
50001336,GAL,加拉塔沙雷,Galatasaray
50356301,GWR,加拉塔沙雷女足,Galatasaray Women
50569521,07W,加拉塔沙雷-波杜基林特,Galatasaray-Bodo Glimt
50001337,GMA,加馬,Gama
50001338,GAB,大阪飛腳,Gamba Osaka
50001339,GBI,岡比亞,Gambia
50001340,GB2,岡比亞U20,Gambia U20
50287538,44Y,岡比亞-斯洛伐克,Gambia-Slovakia
50001341,GAM,甘比舒恩,Gambsheim
50001342,GKP,簡薩沙,Gandzasar Kapan
50379877,WCF,康津天鵝女足,Gangjin Swans Women
50281568,GNC,江陵市民,Gangneung Citizen
50001343,GGW,FC江原,Gangwon FC
50001344,GTD,基斯赫德,Gateshead
50001345,GMT,加斯梅登,Gaz Metan
50001346,GAZ,加茲迪斯普,Gaziantepspor
50001347,GEF,加費萊,Gefle
50001348,GEN,根克勒比爾利吉,Genclerbirligi
50001349,GMU,真尼梅頓,Genemuiden
50001350,JLM,加帕拿路JLM,General Caballero JLM
50001351,GDZ,迪亞斯,General Diaz
50001352,GNK,亨克,Genk
50362137,GKW,亨克女足,Genk Women
50001353,GNA,熱拿亞,Genoa
50462453,WGE,熱拿亞女足,Genoa Women
50322934,GOC,巨濟市民,Geoje Citizen
50001354,GEO,格魯吉亞,Georgia
50001355,GGY,格魯吉亞U21,Georgia U21
50303171,GEW,格魯吉亞女足,Georgia Women
50290556,E68,格魯吉亞-烏克蘭,Georgia-Ukraine
50001356,GWD,雲迪克,Germania Windeck
50001357,GER,德國,Germany
50001358,GMO,德國男奧足,Germany Oly Men
50001359,DE2,德國U20,Germany U20
50001360,GEY,德國U21,Germany U21
50001361,GMW,德國女足,Germany Women
50001362,GW2,德國女足U20,Germany Women U20
50329454,GW3,德國女足U23,Germany Women U23
50001363,W01,德國-阿根廷,Germany-Argentina
50001364,W24,德國-澳洲,Germany-Australia
50001365,E44,德國-奧地利,Germany-Austria
2706,E44,德國-奧地利,Germany-Austria
3395,16U,德國-奧地利,Germany-Austria
50001366,E43,德國-比利時,Germany-Belgium
50346724,17O,德國-巴西,Germany-Brazil
50001367,W23,德國-喀麥隆,Germany-Cameroon
50354708,48U,德國-加拿大,Germany-Canada
50001368,W05,德國-智利,Germany-Chile
50001369,W04,德國-哥倫比亞,Germany-Colombia
50001370,E08,德國-克羅地亞,Germany-Croatia
50001371,E13,德國-捷克,Germany-Czechia
50001372,O33,德國-丹麥,Germany-Denmark
50001373,E06,德國-英格蘭,Germany-England
50001374,F38,德國-法國,Germany-France
1430,F38,德國-法國,Germany-France
50001375,E07,德國-意大利,Germany-Italy
50001376,O36,德國-日本,Germany-Japan
50001377,O31,德國-南韓,Germany-Korea Republic
50001378,O29,德國-墨西哥,Germany-Mexico
50001379,E05,德國-荷蘭,Germany-Netherlands
50001380,W25,德國-新西蘭,Germany-New Zealand
50001381,O42,德國-尼日利亞,Germany-Nigeria
50475820,L45,德國-挪威,Germany-Norway
50001382,E11,德國-波蘭,Germany-Poland
50001383,F42,德國-葡萄牙,Germany-Portugal
1434,F42,德國-葡萄牙,Germany-Portugal
50001384,E09,德國-俄羅斯,Germany-Russia
50330205,26U,德國-塞爾維亞,Germany-Serbia
50001385,W02,德國-西班牙,Germany-Spain
50001386,E12,德國-瑞典,Germany-Sweden
50001387,E45,德國-瑞士,Germany-Switzerland
50001388,Y41,德國-美國,Germany-USA
50001389,E10,德國-烏克蘭,Germany-Ukraine
50001390,W03,德國-烏拉圭,Germany-Uruguay
50001391,Y36,德國-委內,Germany-Venezuela
50001392,GRK,格爾尼卡,Gernika
50001393,GET,基達菲,Getafe
50001394,GHA,加納,Ghana
50001395,GH2,加納U20,Ghana U20
50289321,GH3,加納U23,Ghana U23
50001396,GNW,加納女足,Ghana Women
50240647,GA2,加納女足U20,Ghana Women U20
50001397,A58,加納-阿爾,Ghana-Algeria
50001398,A16,加納-安哥拉,Ghana-Angola
50001399,A17,加納-博茲瓦納,Ghana-Botswana
50001400,A18,加納-布基納,Ghana-Burkina Faso
50001401,A84,加納-喀麥隆,Ghana-Cameroon
50001402,A59,加納-剛果,Ghana-D R Congo
50001403,A83,加納-埃及,Ghana-Egypt
50001404,A19,加納-加蓬,Ghana-Gabon
50001405,A20,加納-畿內亞,Ghana-Guinea
50001406,A21,加納-利比亞,Ghana-Libya
50001407,A22,加納-馬里,Ghana-Mali
50001408,A23,加納-摩洛哥,Ghana-Morocco
50001409,A57,加納-尼日利,Ghana-Nigeria
50001410,A24,加納-塞內,Ghana-Senegal
50001411,A56,加納-南非,Ghana-South Africa
50001412,A25,加納-突尼,Ghana-Tunisia
50001413,02A,加納-烏干達,Ghana-Uganda
50001414,A26,加納-贊比亞,Ghana-Zambia
50001415,GIB,直布羅陀,Gibraltar
50001416,GIY,直布羅陀U21,Gibraltar U21
50599331,GIW,直布羅陀女足,Gibraltar Women
50001417,GJN,希杭,Gijon
50001418,GIV,基維辛迪,Gil Vicente
50001419,GIL,基寧咸,Gillingham
50001420,GJS,金泉尚武,Gimcheon Sangmu
50322929,GHF,金海FC,Gimhae FC
50001421,GLP,甘拿斯亞,Gimnasia LP
50429166,WLP,甘拿斯亞女足,Gimnasia LP Women
50285722,GME,甘拿斯亞文度沙,Gimnasia Mendoza
50248471,JUJ,祖祖爾甘拿斯亞,Gimnasia de Jujuy
50322002,GYT,甘拿斯亞迪羅,Gimnasia y Tiro
50001422,GDT,塔拉戈納,Gimnastic de Tarragona
50263629,GTO,托雷拉韋加,Gimnastica Torrelavega
50281563,GIM,金浦FC,Gimpo FC
50462461,GWT,金特拉女足,Gintra Women
50001423,KGT,北九州向日葵,Giravanz Kitakyushu
50001424,GIR,基羅納,Girona
50001425,SCG,格拿尼,Gjilani
50356311,GCW,格拉斯哥城女足,Glasgow City Women
50001426,GLN,基拿雲,Glenavon
50334114,GKG,格林諾治騎士,Glenorchy Knights
50001427,GTR,格蘭杜蘭,Glentoran
50001428,GLB,環球足球會,Global FC
50001429,GBT,哥利亞,Gloria Bistrita
50001430,GCC,告士打城,Gloucester City
50307552,GNI,格尼斯坦,Gnistan
50001431,GAE,伊高斯,Go Ahead Eagles
50001432,GCZ,葛度爾古斯,Godoy Cruz
50001433,GOI,戈亞斯,Goias
50001434,GCK,黃金海岸騎士,Gold Coast Knights
50001435,GCU,黃金海岸聯,Gold Coast Utd
50001436,GML,高美爾,Gomel
50001437,GOR,哥里卡,Gorica
50599715,GZB,扎布熱礦工,Gornik Zabrze
50001438,GOT,哥登堡,Goteborg
50295472,GVS,古爾本谷太陽,Goulburn Valley Suns
50001439,GND,格蘭納達,Granada 74
50585888,GTH,格蘭治,Grange Thistle
50001440,GRV,格蘭維爾,Granville
50001441,GRS,草蜢,Grasshoppers
50001442,GRY,格雷斯,Grays Athletic
50001443,GBO,英國男奧足,Great Britain Oly Men
50001444,GBW,英國女足,Great Britain Women
50001445,O09,英國-埃及,Great Britain-Egypt
50001446,O10,英國-日本,Great Britain-Japan
50001447,O11,英國-南韓,Great Britain-Korea Republic
50001448,O12,英國-墨西哥,Great Britain-Mexico
50001449,O13,英國-塞內加爾,Great Britain-Senegal
50001450,O14,英國-瑞士,Great Britain-Switzerland
50001451,GRE,希臘,Greece
50001452,GR2,希臘U20,Greece U20
50001453,EGR,希臘U21,Greece U21
50264488,GRW,希臘女足,Greece Women
50001454,GGU,格連古利,Green Gully
50001455,GMN,摩頓,Greenock Morton
50325825,GVT,格林維爾凱旋,Greenville Triumph
50001456,GRM,甘美奧,Gremio
50001457,BAU,普丹迪,Gremio Prudente
50430582,GWM,甘美奧女足,Gremio Women
50001458,GRN,格林納達,Grenada
50001459,GFT,格勒諾布爾,Grenoble Foot
50001460,GFC,基特拿,Gretna
50001461,GRF,格雷特霍夫,Greuther Furth
50001462,GRI,甘士比,Grimsby
50001463,GRO,格羅斯林,Groclin
50001464,FCG,格羅寧根,Groningen
50462467,WGG,格羅寧根女足,Groningen Women
50001465,GRL,格魯特,Grorud IL
50001466,GSS,格羅薛圖,Grosseto
50001467,GBR,瓜比拉,Guabira
50001468,GUD,瓜達拉哈拉,Guadalajara
50353912,GJW,瓜達拉哈拉女足,Guadalajara Women
50001469,GDP,瓜德羅普,Guadeloupe
50001470,GAR,FC古亞拉拿,Guairena FC
50001471,UAM,關島,Guam
50357023,GM2,關島U20,Guam U20
50302156,GM3,關島U23,Guam U23
50318831,GAW,關島女足,Guam Women
50001472,GGF,廣州RF,Guangzhou RF
50001473,GUN,瓜蘭尼,Guarani
50001474,GSP,古蘭尼,Guarani SP
50001475,GTY,瓜斯塔托亞,Guastatoya
50001476,GUA,危地馬拉,Guatemala
50001477,GU2,危地馬拉U20,Guatemala U20
50304921,GUW,危地馬拉女足,Guatemala Women
50001478,GYQ,瓜亞基爾城,Guayaquil City
50001479,GUB,古比奧,Gubbio
50001480,GUE,古亞朗,Gueugnon
50001481,GJL,古祖洛,Guijuelo
50001482,GUM,甘馬雷斯,Guimaraes
50001483,GIN,畿內亞,Guinea
50001484,GBS,畿內亞比紹,Guinea Bissau
50332405,GUO,畿內亞男奧足,Guinea Oly Men
50001485,GN2,畿內亞U20,Guinea U20
50289320,GU3,畿內亞U23,Guinea U23
50315900,62A,畿內亞-安哥拉,Guinea-Angola
50315899,61A,畿內亞-喀麥隆,Guinea-Cameroon
50001486,A27,畿內亞-加蓬,Guinea-Gabon
50315902,64A,畿內亞-毛里塔尼亞,Guinea-Mauritania
50315901,63A,畿內亞-納米比亞,Guinea-Namibia
50315903,65A,畿內亞-南非,Guinea-South Africa
50001487,GUI,甘岡,Guingamp
50362132,GWG,甘岡女足,Guingamp Women
50001488,GUL,古斯利,Guiseley
50001489,GRP,古魯比,Gurupi
50001490,GUY,圭亞那,Guyana
50318624,GYW,圭亞那女足,Guyana Women
50001491,GWJ,FC光州,Gwangju FC
50001492,GJC,慶州市民,Gyeongju Citizen
50322930,GJF,慶州FC,Gyeongju FC
50379873,GFW,慶州FC女足,Gyeongju FC Women
50001493,GNM,FC慶南,Gyeongnam FC
50001495,GZU,格茲拉聯,Gzira Utd
50001496,HOA,HA嘉萊,HA Gia Lai
50001497,TSH,拖錫雲,HB Torshavn
50308202,HHC,哈登堡,HHC Hardenberg
50240302,HIF,HIFK,HIFK
50001498,HJK,赫爾辛基,HJK Helsinki
50462439,HJW,赫爾辛基女足,HJK Helsinki Women
50557336,HSH,HSV賀克,HSV Hoek
50001499,HAC,赫根,Hacken
50353888,HCW,赫根女足,Hacken Women
50001500,HAG,海格納,Haguenau
50289801,HPF,海防FC,Haiphong FC
50001501,HAT,海地,Haiti
50333147,HA2,海地U20,Haiti U20
50271431,HTW,海地女足,Haiti Women
50001502,HDK,古拿夏德,Hajduk Kula
50001503,HAJ,夏德,Hajduk Split
50001504,HAK,夏卡,Haka
50001505,HSE,東悉尼夏確,Hakoah Sydney City East
50001506,HLD,夏拿達斯,Haladas
50001507,HFX,夏利法斯城,Halifax Town
50001508,HCH,賀利舒查,Hallescher
50001509,HAL,咸史達斯,Halmstads
50001510,HKM,咸卡,Ham-Kam
50001511,HSV,漢堡,Hamburg
50462444,WHB,漢堡女足,Hamburg Women
50001512,HAA,咸美頓,Hamilton Academical
50462479,WHA,咸美頓女足,Hamilton Academical Women
50001513,HAM,哈馬比,Hammarby
50353889,HMW,哈馬比女足,Hammarby Women
50001514,HRS,咸倫斯巴達,Hamrun Spartans
50001515,HAN,漢諾威,Hannover
50001516,HNO,河內FC,Hanoi FC
50001517,HBS,比亞斯華夏普爾,Hapoel Beer Sheva
3145,HHF,海法夏普爾,Hapoel Haifa
50001518,HKS,基爾史莫納夏普爾,Hapoel Kiryat Shmona
50001519,HTV,特拉維夫夏普爾,Hapoel Tel Aviv
50001520,HAR,夏羅,Haro
50001521,HCI,哈利斯堡島民,Harrisburg City Islanders
50001522,HGR,哈洛格特鐵路,Harrogate Railway
50001523,HGT,哈洛格特,Harrogate Town
50001524,HBH,夏路堡,Harrow Borough
50283454,HFA,哈特福體育,Hartford Athletic
50001525,HAU,哈特普爾,Hartlepool Utd
50349548,HSS,哈斯勒荷姆,Hassleholm
50001526,HST,哈士汀斯聯,Hastings Utd
50600022,HTC,哈塔會,Hatta Club
50001527,HGS,侯格辛特,Haugesund
50566592,HGW,侯格辛特女足,Haugesund Women
50001528,HAW,哈雲特,Havant and Waterlooville
50289791,HVF,夏維科韋斯,Haverfordwest
50001529,HEA,赫斯,Hearts
50356310,HOW,赫斯女足,Hearts Women
50001530,HEE,海倫芬,Heerenveen
50362119,HEW,海倫芬女足,Heerenveen Women
50289787,HEG,赫格曼,Hegelmann
50001531,HDB,海德堡聯,Heidelberg Utd
50001532,HDH,海登咸,Heidenheim
50001533,HKU,赫卡里聯,Hekari Utd
50295475,HNA,希臘人體育會,Hellenic Athletic
50001534,HLM,靴蒙特,Helmond
50001535,HEL,希爾星堡,Helsingborgs
50536402,HEU,赫拉聯女足,Hera United Women
50001536,HER,荷華高斯,Heracles
50001537,HEC,靴高斯,Hercules
50001538,HRN,希雷迪亞洛,Herediano
50262456,HFC,赫里福特FC,Hereford FC
50001539,HFD,赫里福特聯,Hereford United
50001540,HCO,高文拿利斯,Hermanos Colmenarez
50308219,NNC,靴蘭哥迪斯,Hernan Cortes
50001541,HBL,哈化柏林,Hertha Berlin
50001542,HEZ,靴斯頓蘇達,Heusden Zolder
50001543,HIB,喜伯年,Hibernian
50356312,HBW,喜伯年女足,Hibernian Women
50001544,HBN,希伯尼安斯,Hibernians FC
50001545,HGH,希安堅體育會,Hienghene Sport
50001546,HTN,希斯頓,Histon
50001547,HCM,FC胡志明市,Ho Chi Minh City FC
50457694,WCC,胡志明市女足,Ho Chi Minh City Women
50001548,HDD,賀特,Hodd
50001549,HOF,賀芬咸,Hoffenheim
50355610,HFW,賀芬咸女足,Hoffenheim Women
50001550,CSA,北海道札幌岡薩多,Hokkaido Consadole Sapporo
50586198,HPH,荷蘭公園鷹隊,Holland Park Hawks
50001551,HKL,基爾,Holstein Kiel
50001552,HOM,賀堡,Homburg
50001553,HLK,本田制鎖,Honda Lock SC
50001554,HON,洪都拉斯,Honduras
50001555,HDO,洪都拉斯男奧足,Honduras Oly Men
50001556,HPO,洪都拉斯普基素,Honduras Progreso
50001557,HN2,洪都拉斯U20,Honduras U20
50307923,HN3,洪都拉斯U23,Honduras U23
50304923,HDW,洪都拉斯女足,Honduras Women
50001558,G31,洪都拉斯-薩爾瓦,Honduras-El Salvador
50462390,G55,洪都拉斯-危地馬拉,Honduras-Guatemala
50001559,G30,洪都拉斯-巴拿馬,Honduras-Panama
50001560,HFS,漢福斯,Honefoss
50397929,HWF,漢福斯女足,Honefoss Women
50001561,HNK,漢卡,Honka
50001562,HVD,漢維特,Honved
50001563,HRZ,賀里桑迪,Horizonte
50001564,HSN,賀森斯,Horsens
50001565,HSM,賀森,Horsham
50353876,HWD,侯斯頓衝鋒女足,Houston Dash Women
50001566,HOD,侯斯頓戴拿模,Houston Dynamo
50599721,HKV,賀拉戴克,Hradec Kralove
50001567,HCP,侯治柏度,Huachipato
50001568,HUY,漢卡約,Huancayo
50001569,HUD,哈特斯菲爾德,Huddersfield
50001570,HUE,侯爾斯卡,Huesca
50263645,HTT,侯爾托塔哈爾,Huetor Tajar
50001571,HUL,侯城,Hull City
50001572,HMC,侯姆城,Hume City
50001573,HUN,匈牙利,Hungary
50001574,HG2,匈牙利U20,Hungary U20
50001575,HGY,匈牙利U21,Hungary U21
50264494,HUW,匈牙利女足,Hungary Women
50001576,HUC,颶風隊,Huracan
50429167,WHC,颶風隊女足,Huracan Women
50379871,WHF,華川FC女足,Hwacheon FC Women
50001577,HWS,FC華城,Hwaseong FC
50267915,HYF,耶爾FC,Hyeres FC
50271557,LIF,盧雷亞,IFK Lulea
50001578,MRH,馬利漢,IFK Mariehamn
50566598,IFV,IFK斯高夫德,IFK Skovde
50001579,IJL,伊素美禾祖斯,IJsselmeervogels
50001580,IKB,IK布萊格,IK Brage
50001581,FRJ,費里,IK Frej
50544234,IPW,ISPE FC女足,ISPE FC Women
50001582,IBR,伊比利亞,Iberia
50002693,SBB,伊比利亞1999,Iberia 1999
50001583,ICE,冰島,Iceland
50322660,IC2,冰島U20,Iceland U20
50001584,ICY,冰島U21,Iceland U21
50001585,IEW,冰島女足,Iceland Women
50375191,IC3,冰島女足U23,Iceland Women U23
50001586,F92,冰島-瑞士,Iceland-Switzerland
50001587,F93,冰島-烏克蘭,Iceland-Ukraine
50556682,IFK,伊賀女忍者FC女足,Iga FC Kunoichi Women
50001588,ILL,伊勒迪森,Illertissen
50240303,Ilves,伊斯韋斯,Ilves
50353988,IMU,帝國聯,Imperial Unido
50379870,WEE,仁川制鐵女足,Incheon Steel Women
50001589,ICN,仁川聯,Incheon Utd
50001590,IDT,獨立隊,Independiente
50001591,FBC,獨立隊FBC,Independiente FBC
50001592,ILC,祖利拉獨立,Independiente La Chorrera
50001593,IND,麥德林獨立,Independiente Medellin
50001594,INP,帕祖利奴獨立隊,Independiente Petrolero
50001595,INR,利華達維亞獨立,Independiente Rivadavia
50001596,ISF,聖達菲,Independiente Santa Fe
50429168,WID,獨立隊女足,Independiente Women
50001597,IDV,迪華利獨立隊,Independiente del Valle
50001598,NDA,印度,India
50001599,IN4,印度男亞足,India AM
50357036,I2D,印度U20,India U20
50302152,IN3,印度U23,India U23
50001600,INW,印度女足,India Women
50581681,IW2,印度女足U20,India Women U20
50001601,INA,印尼,Indonesia
50001602,ID4,印尼男亞足,Indonesia AM
50271423,ID2,印尼U20,Indonesia U20
50556398,IA2,印尼U22,Indonesia U22
50302164,ID3,印尼U23,Indonesia U23
50001603,IDW,印尼女足,Indonesia Women
50326633,P94,印尼-越南,Indonesia-Vietnam
50001604,IDA,印尼明星隊,Indonesian All Stars
50001605,IDY,印地安納十一,Indy Eleven
50295471,ILU,因勒烏德聯,Inglewood Utd
50001606,ING,恩高斯達特,Ingolstadt
50001607,ITT,科爾多瓦學院,Instituto de Cordoba
50001608,IBU,國際巴古,Inter Baku
50295474,ILI,國際獅子,Inter Lions
50001609,IMC,國際邁亞密,Inter Miami CF
50001610,INM,國際米蘭,Inter Milan
50355619,IMW,國際米蘭女足,Inter Milan Women
50407754,Q26,國際米蘭-阿士東維拉,Inter Milan-Aston Villa
50407751,Q23,國際米蘭-馬德里體育會,Inter Milan-Atletico Madrid
50407753,Q25,國際米蘭-布魯日,Inter Milan-Bruges
50472600,Q74,國際米蘭-多蒙特,Inter Milan-Dortmund
50472598,Q72,國際米蘭-法林明高,Inter Milan-Flamengo
50472597,Q71,國際米蘭-國際邁亞密,Inter Milan-Inter Miami CF
50472599,Q73,國際米蘭-祖雲達斯,Inter Milan-Juventus
50472601,Q75,國際米蘭-蒙特雷,Inter Milan-Monterrey
50407750,Q22,國際米蘭-燕豪芬,Inter Milan-PSV Eindhoven
50407752,Q24,國際米蘭-巴黎聖日耳門,Inter Milan-Paris Saint Germain
50001611,F64,國米-薩克達,Inter Milan-Shakhtar
50001612,F63,國米-熱刺,Inter Milan-Tottenham
50001613,ITU,國際杜古,Inter Turku
50001614,IES,國際艾斯卡迪斯,Inter d'Escaldes
50001615,IDL,國際里梅拉,Inter de Limeira
50001616,ITB,恩達布洛克,Interblock
50001617,INT,國際體育會,Internacional
50430583,IWN,國際體育會女足,Internacional Women
50001618,INV,恩華尼斯,Inverness
50001619,ITG,伊帕汀加,Ipatinga
50001620,IPS,葉士域治,Ipswich
50001621,IQQ,伊基克,Iquique
50001622,IRS,伊拿克里斯,Iraklis
50001623,IRA,伊朗,Iran
50001624,IR4,伊朗男亞足,Iran AM
50001625,IN2,伊朗U20,Iran U20
50001626,IR3,伊朗U23,Iran U23
50001627,IRW,伊朗女足,Iran Women
50001628,P44,伊朗-澳洲,Iran-Australia
50001629,P45,伊朗-中國,Iran-China
50316044,85A,伊朗-印尼,Iran-Indonesia
50001630,P37,伊朗-伊拉克,Iran-Iraq
50001631,P64,伊朗-約旦,Iran-Jordan
50001632,P41,伊朗-北韓,Iran-Korea DPR
50001633,P46,伊朗-阿曼,Iran-Oman
50001634,P42,伊朗-卡塔爾,Iran-Qatar
50001635,P38,伊朗-沙特阿拉伯,Iran-Saudi Arabia
50001636,P47,伊朗-敘利亞,Iran-Syria
50316043,84A,伊朗-塔吉克,Iran-Tajikistan
50001637,P40,伊朗-阿聯酋,Iran-United Arab Emirates
50001638,P39,伊朗-烏茲別克,Iran-Uzbekistan
50479395,IRP,伊拉佩亞圖,Irapuato
50001639,IRQ,伊拉克,Iraq
50001640,IQ4,伊拉克男亞足,Iraq AM
50001641,IQO,伊拉克男奧足,Iraq Oly Men
50001642,IR2,伊拉克U20,Iraq U20
50001643,I22,伊拉克U22,Iraq U22
50001644,IQ3,伊拉克U23,Iraq U23
50318836,IQW,伊拉克女足,Iraq Women
50316048,88A,伊拉克-巴林,Iraq-Bahrain
50001645,P65,伊拉克-中國,Iraq-China
50326632,P95,伊拉克-印尼,Iraq-Indonesia
3092,K06,伊拉克-馬來西亞,Iraq-Malaysia
50316050,90A,伊拉克-巴勒斯坦,Iraq-Palestine
50316049,89A,伊拉克-卡塔爾,Iraq-Qatar
50316047,87A,伊拉克-敘利亞,Iraq-Syria
50316052,92A,伊拉克-泰國,Iraq-Thailand
3091,K05,伊拉克-烏茲別克,Iraq-Uzbekistan
50316051,91A,伊拉克-烏茲別克,Iraq-Uzbekistan
50001646,IRC,哥洛斯艾利斯,Iris Club Croix
50001647,ITP,艾迪殊,Irtysh Pavlodar
50325172,IRZ,爾灣澤塔,Irvine Zeta
50001648,IMP,梅塔帕,Isidro Metapan
50001649,IKS,伊斯卡斯塔利,Iskra Stal
50001650,ISR,以色列,Israel
50332400,ISO,以色列男奧足,Israel Oly Men
50284406,IS2,以色列U20,Israel U20
50001651,IRY,以色列U21,Israel U21
50282155,ISW,以色列女足,Israel Women
50287537,43Y,以色列-斯洛伐克,Israel-Slovakia
50001652,ILM,莫林奧斯,Issy Les Moulineaux
50001653,ITK,伊斯迪洛,Istiklol
50001654,IST,伊斯特尼斯,Istres
50001655,ITA,意大利,Italy
50001656,IT2,意大利U20,Italy U20
50001657,ILY,意大利U21,Italy U21
50001658,ITW,意大利女足,Italy Women
50319631,IW3,意大利女足U23,Italy Women U23
50330210,31U,意大利-比利時,Italy-Belgium
50001659,F48,意大利-科特迪瓦,Italy-Cote d'Ivoire
3390,11U,意大利-捷克,Italy-Czech Republic
50275109,11U,意大利-捷克,Italy-Czechia
3382,03U,意大利-丹麥,Italy-Denmark
1415,F23,意大利-法國,Italy-France
50001660,F23,意大利-法國,Italy-France
50287517,23Y,意大利-岡比亞,Italy-Gambia
50001661,F34,意大利-德國,Italy-Germany
50287519,25Y,意大利-以色列,Italy-Israel
50001662,CF4,意大利-日本,Italy-Japan
50001663,Y43,意大利-南韓,Italy-Korea Republic
50001664,CF2,意大利-墨西哥,Italy-Mexico
50001665,F08,意大利-荷蘭,Italy-Netherlands
50287516,22Y,意大利-新西蘭,Italy-New Zealand
50001666,CF3,意大利-尼日利亞,Italy-Nigeria
50001667,F36,意大利-巴拉圭,Italy-Paraguay
50001668,F35,意大利-葡萄牙,Italy-Portugal
3385,06U,意大利-瑞典,Italy-Sweden
50475823,L48,意大利-瑞士,Italy-Switzerland
50287520,26Y,意大利-突尼西亞,Italy-Tunisia
50287515,21Y,意大利-美國,Italy-USA
50001669,E30,意大利-烏克蘭,Italy-Ukraine
50001670,CF1,意大利-烏拉圭,Italy-Uruguay
50287518,24Y,意大利-烏茲別克,Italy-Uzbekistan
50001671,Y39,意大利-委內,Italy-Venezuela
3389,10U,意大利-威爾斯,Italy-Wales
50001672,IUA,伊圖諾,Ituano
50560815,ITZ,伊圖薩因戈,Ituzaingo
50267911,IWA,磐城FC,Iwaki FC
50001673,GMK,岩手盛岡仙鶴,Iwate Grulla Morioka
50001674,JEF,千葉市原,JEF United Chiba
50355589,JCW,千葉市原女足,JEF United Chiba Women
50001675,CJK,古積克,JVC Cuijk
50001676,JBL,積布尼克,Jablonec
50001677,JVA,傑克遜維爾艦隊,Jacksonville Armada
50001678,JAB,積基朗尼亞,Jagiellonia Bialystok
50001679,JGR,查古里斯科爾多瓦,Jaguares de Cordoba
50001680,JRG,雷根斯堡,Jahn Regensburg
50003048,TMP,查巴巴華,Jaiba Brava
50001681,JAM,牙買加,Jamaica
50333146,JA2,牙買加U20,Jamaica U20
50001682,JAW,牙買加女足,Jamaica Women
50001683,G32,牙買加-薩爾瓦,Jamaica-El Salvador
50296651,L31,牙買加-南非,Jamaica-South Africa
50001684,JPN,日本,Japan
50001685,JP4,日本男亞足,Japan AM
50001686,JPO,日本男奧足,Japan Oly Men
50332406,JSC,日本足球學院,Japan Soccer College
50001687,JP2,日本U20,Japan U20
50258219,JAY,日本U21,Japan U21
50001688,JP3,日本U23,Japan U23
50001689,JPW,日本女足,Japan Women
50240652,JW2,日本女足U20,Japan Women U20
50354704,44U,日本-阿根廷,Japan-Argentina
50001690,P48,日本-澳洲,Japan-Australia
50354706,46U,日本-奧地利,Japan-Austria
50001691,P27,日本-巴林,Japan-Bahrain
50346725,18O,日本-巴西,Japan-Brazil
50354705,45U,日本-喀麥隆,Japan-Cameroon
50001692,P23,日本-中國,Japan-China
50570275,P78,日本-中華台北,Japan-Chinese Taipei
50296653,L33,日本-哥倫比亞,Japan-Colombia
50296632,L12,日本-丹麥,Japan-Denmark
3417,01O,日本-埃及,Japan-Egypt
50346608,01O,日本-埃及,Japan-Egypt
50354703,43U,日本-德國,Japan-Germany
50316040,81A,日本-印尼,Japan-Indonesia
50001693,P16,日本-伊朗,Japan-Iran
50001694,P17,日本-伊拉克,Japan-Iraq
50296634,L14,日本-牙買加,Japan-Jamaica
50001695,P24,日本-約旦,Japan-Jordan
50001696,P21,日本-北韓,Japan-Korea DPR
50001697,P15,日本-南韓,Japan-Korea Republic
50001698,P26,日本-科威特,Japan-Kuwait
50354701,41U,日本-墨西哥,Japan-Mexico
50296652,L32,日本-摩洛哥,Japan-Morocco
50296633,L13,日本-尼日利亞,Japan-Nigeria
50001699,P25,日本-阿曼,Japan-Oman
3089,K03,日本-巴勒斯,Japan-Palestine
50346609,11O,日本-巴拉圭,Japan-Paraguay
50001700,P22,日本-卡塔爾,Japan-Qatar
50001701,P18,日本-沙特阿拉伯,Japan-Saudi Arabia
50001702,Y46,日本-塞內加爾,Japan-Senegal
50001703,P49,日本-敘利亞,Japan-Syria
50316041,82A,日本-塔吉克,Japan-Tajikistan
50001704,P68,日本-泰國,Japan-Thailand
50354702,42U,日本-美國,Japan-USA
50001705,P20,日本-阿聯酋,Japan-United Arab Emirates
50001706,P19,日本-烏茲別克,Japan-Uzbekistan
50560777,B36,日本-越南,Japan-Vietnam
3090,K04,日本-越南,Japan-Vietnam
50001707,JAS,日職明星隊,Japanese All Stars
50001708,JAR,查路,Jaro
50001709,JRV,查維利,Jarville
50357019,JDS,吉達體育會,Jeddah Sports Club
50001710,JJU,濟州SK,Jeju SK
50001711,JEL,謝爾加華,Jelgava
50001712,JBM,全北汽車,Jeonbuk Motors
50001713,CND,全南天龍,Jeonnam Dragons
50001714,JER,謝夫,Jerv
50001715,JNS,祖尼斯,Jeunesse Esch
50322927,JJC,晉州市民,Jinju Citizen
50001716,JDT,柔佛DT,Johor DT
50001717,JVL,祖恩維爾,Joinville
50001718,JAA,阿爾克馬爾青年隊,Jong AZ Alkmaar
50001719,JAX,阿積士青年隊,Jong Ajax
50001720,JPS,燕豪芬青年隊,Jong PSV Eindhoven
50001721,JTW,川迪青年隊,Jong Twente
50001722,JUT,烏德勒支青年隊,Jong Utrecht
50001723,JKP,索特拿,Jonkopings Sodra
50001724,JOR,約旦,Jordan
50001725,JD4,約旦男亞足,Jordan AM
50271420,JO2,約旦U20,Jordan U20
50001726,J22,約旦U22,Jordan U22
50001727,JR3,約旦U23,Jordan U23
50001728,JDW,約旦女足,Jordan Women
50581682,2JW,約旦女足U20,Jordan Women U20
50316068,07B,約旦-巴林,Jordan-Bahrain
50316069,08B,約旦-巴勒斯坦,Jordan-Palestine
50316067,06B,約旦-敘利亞,Jordan-Syria
50316070,09B,約旦-泰國,Jordan-Thailand
50560782,B41,約旦-阿聯酋,Jordan-United Arab Emirates
50001729,JAH,祖安奧列治,Juan Aurich
50001730,JAZ,祖亞雷斯,Juarez
50353922,JZW,祖亞雷斯女足,Juarez Women
50001731,JUA,祖斯亞蘭斯,Juazeirense
50001732,JUB,磐田山葉,Jubilo Iwata
50326480,JUN,祖克倫,Junkeren
50001733,JTU,順天堂大學,Juntendo University
50001734,JUS,祖拉蘇特,Jura Sud
50001735,JVS,祖雲施達比亞,Juve Stabia
50001736,JDA,祖雲尼斯杜加拿,Juvenes Dogana
50001737,JLP,拿斯派達斯青年,Juventud Las Piedras
50263635,JTO,托雷莫利諾斯青年,Juventud Torremolinos
50001738,JUG,瓜勒圭祖青年聯,Juventud Unida Gualeguaychu
50327581,JUU,青年人聯合大學,Juventud Unida Universitario
50001739,JUE,青年人,Juventude
50430584,JWT,青年人女足,Juventude Women
50001740,JEV,艾禾拿青年人,Juventude de Evora
50001741,JUV,祖雲達斯,Juventus
50355620,JVW,祖雲達斯女足,Juventus Women
50001742,R36,祖雲達斯-阿積士,Juventus-Ajax
50472606,Q80,祖雲達斯-希拉爾,Juventus-Al Hilal
50001743,U80,祖雲達斯-馬體會,Juventus-Atletico Madrid
50001744,R45,祖雲達斯-巴塞,Juventus-Barcelona
50472605,Q79,祖雲達斯-賓菲加,Juventus-Benfica
50472603,Q77,祖雲達斯-保地花高,Juventus-Botafogo
50472604,Q78,祖雲達斯-富明尼斯,Juventus-Fluminense
50001745,U34,祖雲達斯-加拉塔,Juventus-Galatasaray
50001746,U97,祖雲達斯-李斯特,Juventus-Leicester
50001747,R14,祖雲達斯-利物浦,Juventus-Liverpool
50001748,U33,祖雲達斯-馬拉加,Juventus-Malaga
50001749,R44,祖雲達斯-曼城,Juventus-Manchester City
50001750,R34,祖雲達斯-曼聯,Juventus-Manchester Utd
50001751,U96,祖雲達斯-摩納哥,Juventus-Monaco
50001752,U32,祖雲達斯-PSG,Juventus-PSG
50472602,Q76,祖雲達斯-彭美拉斯,Juventus-Palmeiras
50001753,U82,祖雲達斯-波圖,Juventus-Porto
50001754,R15,祖雲達斯-羅馬,Juventus-Roma
50001755,R16,祖雲達斯-西維爾,Juventus-Sevilla
50001756,R35,祖雲達斯-熱刺,Juventus-Tottenham
50289792,KKY,KA 阿古雷利,KA Akureyri
50290169,KFD,杜卡積尼,KF Dukagjini
50001757,TIR,KF地拉拿,KF Tirana
50462418,WKV,維拉斯尼亞女足,KFF Vllaznia Women
50001758,KOS,KFUM奧斯陸,KFUM Oslo
50001759,KKL,基卡拉斯域卡,KI Klaksvik
50266844,KSK,KMSK丹澤,KMSK Deinze
50001760,KRR,雷克雅維克,KR Reykjavik
50001761,CAK,克拉科維亞,KS Cracovia Krakow
50001762,KRJ,哥治,KV Kortrijk
50001763,MCL,梅赫倫,KV Mechelen
50001764,KGU,鹿兒島聯,Kagoshima United FC
50587194,KHH,卡帕FC,Kahibah FC
50001765,KAT,卡拉特,Kairat
50001766,KAI,凱沙羅頓,Kaiserslautern
50001767,KZC,凱撒酋長,Kaizer Chiefs
50482779,KBF,卡爾巴FC,Kalba FC
50001768,KAL,卡爾馬,Kalmar
50001769,KMS,讚岐卡馬達馬尼,Kamatamare Sanuki
163,KAM,卡文恩格勒  ,Kamen Ingrad
50001770,KAE,卡文恩格勒,Kamen Ingrad
50558125,KBP,北碧府動力,Kanchanaburi Power
50353886,KWC,肯薩斯城潮流女足,Kansas City Current Women
50544227,WKA,高雄先鋒女足,Kaohsiung Attackers Women
50001771,KRB,卡拉布克,Karabukspor
50001772,KAR,卡爾斯魯厄,Karlsruher
50001773,KLV,卡柏迪利沃夫,Karpaty Lviv
50001774,KAS,鹿島鹿角,Kashima Antlers
50001775,KAH,柏雷素爾,Kashiwa Reysol
2265,KSM,卡斯帕薩,Kasimpasa
50001776,TYM,富山勝利,Kataller Toyama
50001777,KAU,卡奧拿斯,Kaunas
50001778,KNZ,考諾,Kauno Zalgiris
50001779,KAW,川崎前鋒,Kawasaki Frontale
50001780,KAA,FC卡雅,Kaya FC
50001781,KAY,卡塞利,Kayserispor
50001782,KAZ,哈薩克,Kazakhstan
50001783,KSY,哈薩克U21,Kazakhstan U21
50303168,KZW,哈薩克女足,Kazakhstan Women
50289781,KEC,科斯克米提,Kecskemeti
50001784,KDH,吉打,Kedah
50001785,KEF,基夫拿維克,Keflavik
50585883,KFC,基羅公園FC,Keilor Park FC
50544231,KWU,格拉那聯女足,Kelana United Women
50001786,KEH,基迪赫斯,Kelty Hearts
50001787,KYA,肯尼亞,Kenya
50457692,K2Y,肯尼亞U20,Kenya U20
50377154,KYW,肯尼亞女足,Kenya Women
50001788,KTR,基特寧,Kettering
50001789,KZR,哈扎爾,Khazar Lankaran
50001790,DZK,迪沙辛斯克,Khimik Dzerzhinsk
50001791,KMK,奇姆基,Khimki
50482785,KKK,科爾法簡,Khor Fakkan
50544241,KWW,西科布多女足,Khovd Western Women
50001792,KID,京達米士特,Kidderminster
50001793,KIL,基爾馬諾克,Kilmarnock
50262455,KLT,京士利恩城,King's Lynn Town
50587330,KBL,金布洛治雄獅,Kingborough Lions
50001794,KIN,京士利恩,Kings Lynn
50462452,KGW,迦特女足,Kiryat Gat Women
50001795,KIS,基斯華達,Kisvarda
50001796,KJS,卡積沙斯,Kjelsas
50311169,RKK,克諾克,Knokke
50355588,KLW,神戶雌獅女足,Kobe Leonessa Women
50288122,KCT,高知聯,Kochi Utd
50353908,KBW,庫爾伯特女足,Kolbotn Women
50001797,KKV,高洛斯,Kolos Kovalivka
50001798,KSG,干斯雲加,Kongsvinger
50376066,KKH,皇家哈林,Koninklijke HFC
50001799,KNY,高耶,Konyaspor
50001800,KTP,古迪比,KooTeePee
50001801,KPR,高柏,Koper
50001802,PRK,北韓,Korea DPR
50001803,KD4,北韓男亞足,Korea DPR AM
50001804,PR2,北韓U20,Korea DPR U20
50001805,PR3,北韓U23,Korea DPR U23
50001806,NKW,北韓女足,Korea DPR Women
50001807,KW2,北韓女足U20,Korea DPR Women U20
50354696,36U,北韓-加拿大,Korea DPR-Canada
50584042,P89,北韓-中國,Korea DPR-China
50354699,39U,北韓-哥倫比亞,Korea DPR-Colombia
50354697,37U,北韓-法國,Korea DPR-France
50354694,34U,北韓-日本,Korea DPR-Japan
50354700,40U,北韓-南韓,Korea DPR-Korea Republic
50354698,38U,北韓-荷蘭,Korea DPR-Netherlands
50354695,35U,北韓-尼日利亞,Korea DPR-Nigeria
50570278,P81,北韓-菲律賓,Korea DPR-Philippines
50570277,P80,北韓-烏茲別克,Korea DPR-Uzbekistan
50584041,P88,北韓-越南,Korea DPR-Vietnam
50001808,KOR,南韓,Korea Republic
50001809,KO4,南韓男亞足,Korea Republic AM
50001810,KPO,南韓男奧足,Korea Republic Oly Men
50001811,KR2,南韓U20,Korea Republic U20
50001812,K22,南韓U22,Korea Republic U22
50001813,KR3,南韓U23,Korea Republic U23
50001814,KOW,南韓女足,Korea Republic Women
50240648,KO2,南韓女足U20,Korea Republic Women U20
50354722,62U,南韓-阿根廷,Korea Republic-Argentina
50001815,P50,南韓-澳洲,Korea Republic-Australia
50354721,61U,南韓-奧地利,Korea Republic-Austria
50001816,P63,南韓-巴林,Korea Republic-Bahrain
50001817,P35,南韓-中國,Korea Republic-China
50570282,P85,南韓-中華台北,Korea Republic-Chinese Taipei
3418,02O,南韓-科特迪瓦,Korea Republic-Cote d'Ivoire
50287529,35Y,南韓-岡比亞,Korea Republic-Gambia
50001818,P28,南韓-伊朗,Korea Republic-Iran
50001819,P29,南韓-伊拉克,Korea Republic-Iraq
50287530,36Y,南韓-以色列,Korea Republic-Israel
50001820,P36,南韓-約旦,Korea Republic-Jordan
50001821,P33,南韓-北韓,Korea Republic-Korea DPR
3422,06O,南韓-新西蘭,Korea Republic-New Zealand
50001822,P51,南韓-阿曼,Korea Republic-Oman
3087,K01,南韓-巴勒斯,Korea Republic-Palestine
50316042,83A,南韓-巴勒斯坦,Korea Republic-Palestine
50001823,P34,南韓-卡塔爾,Korea Republic-Qatar
50001824,P30,南韓-沙特,Korea Republic-Saudi Arabia
50001825,Y45,南韓-塞內加爾,Korea Republic-Senegal
50001826,P52,南韓-敘利亞,Korea Republic-Syria
50001827,P62,南韓-泰國,Korea Republic-Thailand
50287531,37Y,南韓-突尼西亞,Korea Republic-Tunisia
50001828,P32,南韓-阿聯酋,Korea Republic-United Arab Emirates
50001829,P31,南韓-烏茲別克,Korea Republic-Uzbekistan
3088,K02,南韓-越南,Korea Republic-Vietnam
50326628,P99,南韓-越南,Korea Republic-Vietnam
50001830,Y48,南韓-贊比亞,Korea Republic-Zambia
50001831,KNS,韓職明星隊,Korean All Stars
50001832,KSV,哥斯禾爾,Korsvoll
50001833,KSC,高斯錫,Kosice
50001834,KSO,科索沃,Kosovo
50001835,KOY,科索沃U21,Kosovo U21
50303166,KVW,科索沃女足,Kosovo Women
50353890,KRW,基斯迪史達斯女足,Kristianstads Women
50001836,KSD,基斯迪辛德,Kristiansund
50001837,KSS,森馬拉,Krylya Sovetov Samara
50430030,KSW,森馬拉女足,Krylya Sovetov Samara Women
50331716,KKR,克里維里赫,Kryvbas Kryvyi Rih
50001838,KUP,古比斯,KuPS
50001839,KBK,古賓,Kuban Krasnodar
50001840,KUT,古索夫,Kutzhof
50001841,KUW,科威特,Kuwait
50001842,KW4,科威特男亞足,Kuwait AM
50001843,KWA,科威特SC,Kuwait SC
50357028,K2W,科威特U20,Kuwait U20
50001844,KU3,科威特U23,Kuwait U23
797,KPS,京都不死鳥,Kyoto Purple Sanga
50001845,KPS,京都不死鳥,Kyoto Sanga
50001846,KGZ,吉爾吉斯,Kyrgyzstan
50001847,KY4,吉爾吉斯男亞足,Kyrgyzstan AM
50271419,KY2,吉爾吉斯U20,Kyrgyzstan U20
50599570,KG1,吉爾吉斯U21,Kyrgyzstan U21
50302151,KY3,吉爾吉斯U23,Kyrgyzstan U23
50001848,KYZ,基錫沙爾,Kyzylzhar
50263641,LAA,拉爾科拉,L'Alcora
50001849,LHP,賀斯比圖勒,L'Hospitalet
50001850,LAB,洛杉磯蔚藍,LA Blues
50001851,LAF,飛捷,LA Fleche
50001852,LAG,洛杉磯銀河,LA Galaxy
50001853,LNZ,寧斯,LASK Linz
50001854,LOJ,洛查利加大學,LDU Loja
50001855,LDU,利加大學,LDU Quito
50599723,CKY,切爾卡斯,LNZ Cherkasy
50353904,LSW,LSK基文拿女足,LSK Kvinner Women
50001856,LEQ,伊基達,La Equidad
50001857,LFT,拉科奧里塔,La Fiorita
50001858,LAL,拉路維爾,La Louviere
50384871,LVF,拉洛查VF,La Roche VF
50001859,LSR,拿沙連拿,La Serena
50541825,LUA,聯合體育會,La Union Atletico
50001860,LAC,拉斯,Laci
50001861,LGA,拉高亞,Lagoa
50001862,LAH,拉迪,Lahti
50334112,LJF,蘭布頓查法斯,Lambton Jaffas
50558126,LWR,南奔勇士,Lamphun Warriors
50462443,WLH,蘭奇胡季女足,Lanchkhuti Women
50001863,LCI,蘭治安奴,Lanciano
50001864,LAN,蘭斯干拿,Landskrona
50001865,LAX,朗格爾斯,Langueux
50001866,LNS,拉魯斯,Lanus
50566594,LWU,拉魯斯女足,Lanus Women
50001867,LAE,蘭沙路迪,Lanzarote
50001868,LAO,老撾,Laos
50001869,LA4,老撾男亞足,Laos AM
50357037,LO2,老撾U20,Laos U20
50284855,LAW,老撾女足,Laos Women
50001870,LRS,拿尼沙,Larisa
50001871,LRN,拉恩,Larne
50001872,LPM,拉斯彭馬斯,Las Palmas
50263634,LOZ,拉斯羅薩斯,Las Rozas
50283468,LVL,拉斯維加斯燈火,Las Vegas Lights
50001873,LAT,拉脫維亞,Latvia
50001874,LVY,拉脫維亞U21,Latvia U21
50303169,LTW,拉脫維亞女足,Latvia Women
50001875,LSN,洛桑,Lausanne
50001876,LAV,拉瓦勒,Laval
50001877,LAZ,拉素,Lazio
50355623,LZW,拉素女足,Lazio Women
50001878,LEH,勒哈弗爾,Le Havre
50362129,LHW,勒哈弗爾女足,Le Havre Women
50001879,LEM,勒芒,Le Mans
50001880,LPS,普尼蘇維爾,Le Poire Sur Vie
50267909,LEP,拿佩爾,Le Puy
50001881,IXI,愛爾蘭聯賽隊,League of Ireland XI
50001882,LBN,黎巴嫩,Lebanon
50357027,LB2,黎巴嫩U20,Lebanon U20
50302165,LE3,黎巴嫩U23,Lebanon U23
50318832,LBW,黎巴嫩女足,Lebanon Women
50001883,LEC,歷卡,Leca
50001884,LCC,萊切,Lecce
50001885,LPZ,列治普斯納,Lech Poznan
50001886,LCG,列治亞格但斯克,Lechia Gdansk
50001887,LEE,列斯聯,Leeds
50001888,LGN,雷加利斯,Leganes
50001889,LWA,歷基亞,Legia Warszawa
50001890,LCR,李斯特城,Leicester
50355602,LRW,李斯特城女足,Leicester Women
50001891,LER,利亞拿,Leiria
50001892,LIX,歷索斯,Leixoes
50001893,LKH,歷基韋亞,Lekhwiya
50001894,LGD,列寧格達斯,Leningradets
50001895,LEN,朗斯,Lens
50462440,ENW,朗斯女足,Lens Women
50001896,LDH,利安華路高,Leon de Huanuco
50001897,LSH,利斯靴比亞斯,Les Herbiers
50001898,LOT,萊索托,Lesotho
50361312,LE2,萊索托U20,Lesotho U20
50305648,LEW,萊索托女足,Lesotho Women
50001899,LEG,利雲加,Levanger
50001900,LVT,利雲特,Levante
50356285,LWB,利雲特巴達隆拿女足,Levante Badalona Women
50356291,LWT,利雲特女足,Levante Women
50001901,LEV,利華古遜,Leverkusen
50355609,LWK,利華古遜女足,Leverkusen Women
50407763,Q35,利華古遜-阿士東維拉,Leverkusen-Aston Villa
50324163,R92,利華古遜-阿特蘭大,Leverkusen-Atalanta
50407761,Q33,利華古遜-馬德里體育會,Leverkusen-Atletico Madrid
50324161,R90,利華古遜-賓菲加,Leverkusen-Benfica
50407762,Q34,利華古遜-布魯日,Leverkusen-Bruges
50569519,05W,利華古遜-加拉塔沙雷,Leverkusen-Galatasaray
50324162,R91,利華古遜-馬賽,Leverkusen-Marseille
50407760,Q32,利華古遜-燕豪芬,Leverkusen-PSV Eindhoven
50001902,LES,索菲亞利夫斯基,Levski Sofia
50522005,LXC,列星頓SC,Lexington SC
50001903,LEY,奧連特,Leyton Orient
50001904,LBR,利比里亞,Liberia
50001905,LIB,利伯泰迪,Libertad
50566586,LLJ,利伯泰迪洛哈,Libertad Loja
50001906,LSS,萊堡瑞尼,Libourne Saint-Seurin
50001907,LBY,利比亞,Libya
50001908,A28,利比亞-加蓬,Libya-Gabon
50001909,LIE,列支敦士登,Liechtenstein
50001910,LTY,列支敦士登U21,Liechtenstein U21
50569590,LWH,列支敦士登女足,Liechtenstein Women
50001911,LIR,利亞斯,Lierse
50307903,LKZ,利亞斯甘賓索寧,Lierse Kempenzonen
50001912,LIL,里爾,Lille
50324180,C66,里爾-布魯日,Lille-Bruges
50324181,C67,里爾-PAOK,Lille-PAOK
50324179,C65,里爾-柏辛域陀尼亞,Lille-Viktoria Plzen
50001913,LLH,里爾咸馬,Lillehammer
50001914,LIS,利尼史特朗,Lillestrom
50001915,LBF,邦基費奧,Limhamn Bunkeflo
50001916,LMG,利摩日,Limoges
50001917,LIA,利納雷斯,Linares
50001918,LIM,利納斯蒙特利,Linas Montlhery
50001919,LIN,林肯城,Lincoln City
50001920,LRI,林肯紅魔鬼,Lincoln Red Imps
50600010,LFF,連度,Lindo FF
50001921,LND,連菲特,Linfield
50353892,LKW,林雪平女足,Linkoping Women
50001922,HMU,獅城水手,Lion City Sailors
50544239,WLS,獅城水手女足,Lion City Sailors Women
50001923,LFC,FC獅子,Lions FC
50462447,LGW,直布羅陀獅隊女足,Lions Gibraltar Women
50001924,LPP,利普斯達特,Lippstadt
50001925,LTX,列迪斯洛維治,Litex Lovech
50001926,LIT,立陶宛,Lithuania
50001927,LIU,立陶宛U21,Lithuania U21
50303167,LIW,立陶宛女足,Lithuania Women
50001928,LIV,利物浦,Liverpool
50355603,LPW,利物浦女足,Liverpool Women
50324158,R87,利物浦-AC米蘭,Liverpool-AC Milan
50001929,R32,利物浦-阿積士,Liverpool-Ajax
50569500,85U,利物浦-馬德里體育會,Liverpool-Atletico Madrid
50001930,R43,利物浦-巴塞,Liverpool-Barcelona
50407738,Q10,利物浦-拜仁慕尼黑,Liverpool-Bayern Munich
50407735,Q08,利物浦-賓菲加,Liverpool-Benfica
50569502,87U,利物浦-波杜基林特,Liverpool-Bodo Glimt
3367,R84,利物浦-多蒙特,Liverpool-Dortmund
50407736,R84,利物浦-多蒙特,Liverpool-Dortmund
50407739,Q11,利物浦-飛燕諾,Liverpool-Feyenoord
50407740,Q12,利物浦-國際米蘭,Liverpool-Inter Milan
50001931,R21,利物浦-祖雲達斯,Liverpool-Juventus
50324159,R88,利物浦-利華古遜,Liverpool-Leverkusen
50407737,Q09,利物浦-里爾,Liverpool-Lille
50001932,R42,利物浦-曼城,Liverpool-Manchester City
50001933,R30,利物浦-曼聯,Liverpool-Manchester Utd
50569499,84U,利物浦-紐卡素,Liverpool-Newcastle
3366,R82,利物浦-PSG,Liverpool-PSG
50001934,R33,利物浦-波圖,Liverpool-Porto
50001935,R17,利物浦-羅馬,Liverpool-Roma
50001936,R18,利物浦-西維爾,Liverpool-Sevilla
50569501,86U,利物浦-士砵亭,Liverpool-Sporting
50001937,R31,利物浦-熱刺,Liverpool-Tottenham
50324160,R89,利物浦-韋斯咸,Liverpool-West Ham
50001938,LII,利雲斯頓,Livingston
50001939,LIO,利禾奴,Livorno
50462470,LWJ,盧博騰女足,Ljuboten Women
50001940,LSK,隆斯基爾,Ljungskile
50001941,LGS,拉高斯迪拿,Llagostera
50001942,LLI,拉尼利,Llanelli
50001943,LDG,瓜納雷拉尼洛斯,Llaneros de Guanare
50001944,LLA,勒拉比,Llapi
2225,LLE,利爾達,Lleida Esportiu
50001945,UEL,利達體育會,Lleida Esportiu
50308208,LLE,勒倫尼斯,Llerenense
50001946,LBB,盧保斯,Lobos BUAP
50001947,LLG,洛根閃電,Logan Lightning
50001948,LOK,洛格倫,Lokeren
50001949,LSA,索菲亞火車頭,Loko Sofia
50001950,LKM,莫斯科火車頭,Lokomotiv Moscow
50430034,LMW,莫斯科火車頭女足,Lokomotiv Moscow Women
50001951,LKP,普夫迪夫火車頭,Lokomotiv Plovdiv
50001952,LTV,塔斯干火車頭,Lokomotiv Tashkent
50001953,LZB,薩格勒布火車頭,Lokomotiva Zagreb
50297914,LOL,萊比錫火車頭,Lokomotive Leipzig
50001954,LMU,隆梅爾,Lommel SK
50462436,LLW,倫敦城雌獅女足,London City Lionesses Women
50001955,LDR,隆德里納,Londrina
50001956,LCF,羅卡,Lorca CF
50308203,LDP,樂卡體育會,Lorca Deportiva
50001957,LOR,羅連安特,Lorient
50328067,LAD,洛斯安地斯,Los Andes
50001958,FCL,FC洛杉磯,Los Angeles FC
50283463,LOU,勞頓聯,Loudoun Utd
50001959,LUC,路易斯維爾城,Louisville City
50001960,LLT,路勒坦奴,Louletano
50001961,LVH,洛夫咸,Lov-Ham
50556402,LNW,名古屋愛知女足,Loveledge Nagoya Women
50325826,LBM,拉伯克鬥牛士,Lubbock Matadors
50001962,LUB,盧比克,Lubeck
50001963,LHE,魯治安拿基亞,Luch-Energia
50001964,LRZ,盧多格德斯,Ludogorets Razgrad
50001965,LGO,盧加諾,Lugano
50001966,LUG,盧高,Lugo
50001967,LMZ,隆美辛尼,Lumezzane
50001968,LUN,隆德,Lunds
50456852,LLC,盧沙爾SC,Lusail SC
50001969,LUS,路施坦斯,Lusitans
50001970,LUT,盧頓,Luton
50001971,LUV,盧維丹斯,Luverdense
50001972,LUX,盧森堡,Luxembourg
50001973,LGY,盧森堡U21,Luxembourg U21
50282161,LUW,盧森堡女足,Luxembourg Women
50001974,LUZ,魯辛拿克,Luzenac
50001975,LZE,盧塞恩,Luzern
50001976,LYN,利恩,Lyn
50353907,LYW,利恩女足,Lyn Women
50001977,LNB,寧比,Lyngby
50001978,LYO,里昂,Lyon
50356307,LWY,里昂女足,Lyon Women
3332,R74,里昂-阿特蘭大,Lyon-Atalanta
3331,R73,里昂-馬體會,Lyon-Atletico Madrid
3333,R75,里昂-PSG,Lyon-PSG
3330,R72,里昂-萊比錫,Lyon-RB Leipzig
50001979,LYD,里昂杜切爾,Lyon-la-Duchere
50327697,LYL,里斯洛達,Lysekloster
50001980,MDA,MDA查斯利,MDA Chasselay
50001981,RUZ,路梳比洛,MFK Ruzomberok
50599717,MVB,維迪布斯克,ML Vitebsk
50001983,UAS,美職明星隊,MLS All Stars
50001984,MST,馬斯特里赫特,Maastricht
50001985,MCR,馬卡拉,Macara
50001986,MCF,FC麥克阿瑟,Macarthur FC
50302159,MC3,澳門U23,Macau U23
50001987,HAI,海法馬卡比,Maccabi Haifa
50001988,NTY,尼坦亞馬卡比,Maccabi Netanya
50001989,MPT,彼達迪華馬卡比,Maccabi Petah Tikva
50001990,MTA,特拉維夫馬卡比,Maccabi Tel Aviv
50001991,MAF,馬爾斯菲FC,Macclesfield FC
50001992,MCZ,町田澤維亞,Machida Zelvia
50001993,MGC,馬達加斯加,Madagascar
50361323,M2G,馬達加斯加U20,Madagascar U20
50305649,MCW,馬達加斯加女足,Madagascar Women
50356283,MWC,馬德里CFF女足,Madrid CFF Women
50001994,MGN,馬加蘭斯,Magallanes
50001995,MAG,馬格德堡,Magdeburg
50563258,MGU,魔術聯,Magic Utd
50001996,MCD,喜鵲十字軍,Magpies Crusaders
50001997,MIA,邁亞,Maia
50001998,MDU,梅頓赫德聯,Maidenhead Utd
50001999,MDT,梅德士東聯,Maidstone Utd
50002000,MAZ,緬恩斯,Mainz
50599743,MAT,梅特蘭FC,Maitland FC
50002001,MAK,馬其頓尼亞GP,Makedonija GP
50002002,MAL,馬拉加,Malaga
50002003,U37,馬拉加-加拉塔,Malaga-Galatasaray
50002004,MLW,馬拉維,Malawi
50361313,2MW,馬拉維U20,Malawi U20
50305650,MWW,馬拉維女足,Malawi Women
50002005,MYS,馬來西亞,Malaysia
50002006,MY4,馬來西亞男亞足,Malaysia AM
50357030,MS2,馬來西亞U20,Malaysia U20
50556399,MI2,馬來西亞U22,Malaysia U22
50002007,MY3,馬來西亞U23,Malaysia U23
50284856,MSW,馬來西亞女足,Malaysia Women
50002008,MLA,馬來西亞明星隊,Malaysian All Stars
50002009,MDV,馬爾代夫,Maldives
50002010,MD4,馬爾代夫男亞足,Maldives AM
50357034,MV2,馬爾代夫U20,Maldives U20
50302153,MV3,馬爾代夫U23,Maldives U23
50002011,MDW,馬爾代夫女足,Maldives Women
50002012,MLI,馬里,Mali
50332402,MAO,馬里男奧足,Mali Oly Men
50002013,ML2,馬里U20,Mali U20
50289325,MA3,馬里U23,Mali U23
50329501,MIW,馬里女足,Mali Women
50315890,52A,馬里-安哥拉,Mali-Angola
50315889,51A,馬里-喀麥隆,Mali-Cameroon
50315892,54A,馬里-佛得角,Mali-Cape Verde Islands
50559161,B24,馬里-剛果民主共和國,Mali-D R Congo
50002014,A29,馬里-加蓬,Mali-Gabon
50315893,55A,馬里-毛里塔尼亞,Mali-Mauritania
50559162,B25,馬里-莫桑比克,Mali-Mozambique
50315891,53A,馬里-納米比亞,Mali-Namibia
50315894,56A,馬里-南非,Mali-South Africa
50559160,B23,馬里-坦桑尼亞,Mali-Tanzania
50331723,MLH,馬利舒華,Malisheva
50002015,MKS,SCC馬利基亞,Malkiya SCC
50002016,MLC,馬略卡,Mallorca
50002017,MAM,馬模,Malmo
50397926,WMA,馬模女足,Malmo Women
50002018,MLT,馬爾他,Malta
50002019,MLY,馬爾他U21,Malta U21
50303165,MTW,馬爾他女足,Malta Women
50002020,MSN,馬姆洛迪辛當斯,Mamelodi Sundowns
3328,R70,曼城-阿特蘭大,Man City-Atalanta
2741,U1U,曼城-馬體會,Man City-Atletico Madrid
2743,U1X,曼城-賓菲加,Man City-Benfica
3364,R80,曼城-車路士,Man City-Chelsea
3329,R71,曼城-PSG,Man City-PSG
3327,R68,曼城-萊比錫,Man City-RB Leipzig
2727,U1F,曼城-皇馬,Man City-Real Madrid
2736,U1P,曼城-禾夫斯堡,Man City-Wolfsburg
50002021,F62,曼聯-薩克達,Man Utd-Shakhtar
50002022,F61,曼聯-熱刺,Man Utd-Tottenham
50263650,MNR,馬納科,Manacor
50002023,MNC,曼城,Manchester City
50355604,MMW,曼城女足,Manchester City Women
50275660,UC3,曼城-AC,Manchester City-AC Milan
50002024,R26,曼城-阿積士,Manchester City-Ajax
50324197,U1U,曼城-馬德里體育會,Manchester City-Atletico Madrid
50002025,R20,曼城-巴塞隆拿,Manchester City-Barcelona
50002026,R04,曼城-拜仁慕尼黑,Manchester City-Bayern Munich
50275661,UC4,曼城-賓菲加,Manchester City-Benfica
50569492,77U,曼城-波杜基林特,Manchester City-Bodo Glimt
50324152,U99,曼城-多蒙特,Manchester City-Dortmund
50472583,Q57,曼城-法林明高,Manchester City-Flamengo
50472582,Q56,曼城-國際邁亞密,Manchester City-Inter Miami CF
50275659,UC2,曼城-國米,Manchester City-Inter Milan
50002027,R06,曼城-祖雲達斯,Manchester City-Juventus
50569493,78U,曼城-利華古遜,Manchester City-Leverkusen
50002028,R23,曼城-利物浦,Manchester City-Liverpool
50002029,R24,曼城-曼聯,Manchester City-Manchester Utd
50472584,Q58,曼城-蒙特雷,Manchester City-Monterrey
50275658,UC1,曼城-拿玻里,Manchester City-Napoli
50569490,75U,曼城-紐卡素,Manchester City-Newcastle
50324198,R71,曼城-巴黎聖日耳門,Manchester City-Paris Saint Germain
50002030,R27,曼城-波圖,Manchester City-Porto
50002031,R05,曼城-皇家馬德里,Manchester City-Real Madrid
50002032,R07,曼城-羅馬,Manchester City-Roma
50002033,R08,曼城-西維爾,Manchester City-Sevilla
50569491,76U,曼城-士砵亭,Manchester City-Sporting
50002034,R25,曼城-熱刺,Manchester City-Tottenham
50002035,MNU,曼聯,Manchester Utd
50355605,MUW,曼聯女足,Manchester Utd Women
50002036,R37,曼聯-阿積士,Manchester Utd-Ajax
50002037,R47,曼聯-巴塞,Manchester Utd-Barcelona
50002038,R49,曼聯-祖雲達斯,Manchester Utd-Juventus
50002039,R48,曼聯-利物浦,Manchester Utd-Liverpool
50002040,R46,曼聯-曼城,Manchester Utd-Manchester City
50002041,R38,曼聯-波圖,Manchester Utd-Porto
50002042,MDM,曼達斯甘,Mandalskameratene
50002043,MGL,曼格隆特星隊,Manglerud Star
50462473,MGG,馬尼拉淘金者,Manila Digger
50002044,MLU,曼利聯,Manly Utd
50308223,CMD,曼雷薩,Manresa
50002045,MAN,曼斯菲,Mansfield
50002046,MTI,文托斯,Mantois
50347120,MAV,曼托華,Mantova
50002047,MRN,馬拉頓,Marathon
50002048,MRB,馬比拿,Marbella
50002049,MRK,馬斯克,Marck
50002050,MCS,馬可尼駿馬,Marconi Stallions
50002051,MAB,馬里博爾,Maribor
50002052,MAA,馬利利亞,Marilia
50002053,MRF,馬連,Marine FC
50282100,MGF,馬林加,Maringa FC
50545191,MHE,馬連漢斯,Marinhense
50002054,MAI,馬里迪莫,Maritimo
50362145,WMM,馬里迪莫女足,Maritimo Women
50002055,MRU,馬利烏波爾,Mariupol
50002056,MXL,馬沙斯洛克,Marsaxlokk
50002057,MAS,馬賽,Marseille
50462441,SWM,馬賽女足,Marseille Women
50002058,MTG,馬堤古斯,Martigues
50002059,MAQ,馬提尼克,Martinique
50304920,MQW,馬提尼克女足,Martinique Women
50283459,MYC,馬里蘭山貓,Maryland Bobcats
50361162,MKP,派迪高斯卡,Mashuk-KMV Pyatigorsk
50544236,WMF,大師FC女足,Master FC Women
50002060,MSC,FC松江市,Matsue City FC
50002061,MYG,松本山雅,Matsumoto Yamaga
50002062,MBG,瑪堡格,Maubeuge
50002063,MUA,毛里塔尼亞,Mauritania
50002064,MRT,毛里裘斯,Mauritius
50375190,WMU,毛里裘斯女足,Mauritius Women
50002065,MOA,FC馬薩特蘭,Mazatlan FC
50353927,MFW,FC馬薩特蘭女足,Mazatlan FC Women
50002066,MZB,馬贊比,Mazembe
50002067,MJU,明治大學,Meiji University
50002068,MBH,墨爾本城,Melbourne City
50563255,MCY,墨爾本城B隊,Melbourne City B
50377159,WMC,墨爾本城女足,Melbourne City Women
3269,MBK,墨爾本騎士,Melbourne Knights
50296527,MBK,墨爾本騎士,Melbourne Knights
50334113,MSJ,墨爾本塞爾維亞,Melbourne Srbija
50002069,MBV,墨爾本勝利,Melbourne Victory
50377160,WMV,墨爾本勝利女足,Melbourne Victory Women
50002070,MLG,梅格,Melgar
50002071,MML,美利拉,Melilla
50283455,MEM,孟菲斯 901,Memphis 901
50002072,MEN,曼撒積奴,Mensajero
50002073,MRE,米列蘭尼斯,Merelinense
50002074,MTR,梅瑟蒂德菲爾,Merthyr Tydfil
50002075,MKM,卡爾曼,Mes Kerman
50456851,MSM,梅沙美,Mesaimeer
50002076,MES,墨西拿,Messina
50002077,MTL,米達列斯,Metalist
50462489,M9W,米達列斯1925女足,Metalist 1925 Women
50002078,MZA,米達雷治,Metalurg Zaporizhzhya
50002079,MEL,美達雷斯,Metalurgs
50002080,MET,當尼斯克,Metalurh Donetsk
50002081,MTP,倫敦警察,Metropolitan Police
50002082,MEP,大都會FC,Metropolitanos FC
50295470,MEO,都會之星,Metrostars
50002083,MTZ,梅斯,Metz
50002084,MEX,墨西哥,Mexico
50002085,MXO,墨西哥男奧足,Mexico Oly Men
50002086,MC2,墨西哥U20,Mexico U20
50306333,ME3,墨西哥U23,Mexico U23
50002087,MXW,墨西哥女足,Mexico Women
50240650,MW2,墨西哥女足U20,Mexico Women U20
50542299,MW3,墨西哥女足U23,Mexico Women U23
50002088,W32,墨西哥-澳洲,Mexico-Australia
50002089,C46,墨西哥-玻利維亞,Mexico-Bolivia
50002090,W31,墨西哥-喀麥隆,Mexico-Cameroon
50002091,G05,墨西哥-加拿大,Mexico-Canada
50002092,G02,墨西哥-哥斯達黎加,Mexico-Costa Rica
3421,05O,墨西哥-科特迪瓦,Mexico-Cote d'Ivoire
50002093,O39,墨西哥-丹麥,Mexico-Denmark
50002094,C43,墨西哥-厄瓜多爾,Mexico-Ecuador
50002095,Y20,墨西哥-埃及,Mexico-Egypt
50002096,G07,墨西哥-薩爾瓦,Mexico-El Salvador
50002097,Y19,墨西哥-英格蘭,Mexico-England
50002098,G08,墨西哥-危地馬拉,Mexico-Guatemala
50002099,G10,墨西哥-海地,Mexico-Haiti
50002100,G04,墨西哥-洪都拉斯,Mexico-Honduras
50002101,G06,墨西哥-牙買加,Mexico-Jamaica
50002102,CF7,墨西哥-日本,Mexico-Japan
50002103,O15,墨西哥-南韓,Mexico-Korea Republic
50539966,Y55,墨西哥-摩洛哥,Mexico-Morocco
50002104,W33,墨西哥-新西蘭,Mexico-New Zealand
50002105,CF6,墨西哥-尼日利亞,Mexico-Nigeria
50539967,Y56,墨西哥-挪威,Mexico-Norway
50002106,G03,墨西哥-巴拿馬,Mexico-Panama
50331297,D08,墨西哥-巴拉圭,Mexico-Paraguay
50002107,C45,墨西哥-秘魯,Mexico-Peru
50002108,O34,墨西哥-葡萄牙,Mexico-Portugal
50002109,W30,墨西哥-俄羅斯,Mexico-Russia
50002110,G09,墨西哥-千里達,Mexico-Trinidad and Tobago
50002111,G01,墨西哥-美國,Mexico-USA
50002112,C44,墨西哥-委內,Mexico-Venezuela
50002113,MIM,邁亞密FC,Miami FC
50325830,MIU,邁亞密聯,Miami Utd
50325824,MHS,密歇根之星,Michigan Stars
50002114,MID,米杜士堡,Middlesbrough
50002115,MTJ,米迪蘭特,Midtjylland
50002116,MKA,米卡,Mika Ashtarak
50002117,MLL,米倫拿列奧,Millonarios
50002118,MIL,米禾爾,Millwall
50002119,MII,米爾沙米,Milsami
50002120,MIK,米爾頓凱恩斯,Milton Keynes Dons
50002121,MNA,明迪王牌,Mindil Aces
50002122,MGY,米拿羅斯,Mineros Guayana
50002123,ZTS,薩卡特卡斯,Mineros Zacatecas
50002124,MNP,米勒瓦旁遮普,Minerva Punjab
50002125,MTS,明尼蘇達聯,Minnesota Utd
50002126,MIS,米蘭迪斯,Mirandes
50002127,MRS,米拉索,Mirassol
50586302,WMO,米拉索女足,Mirassol Women
50002128,MTH,水戶蜀葵,Mito Hollyhock
50462458,MWV,米特羅維察女足,Mitrovica Women
50562356,WMX,米斯圖女足,Mixto Women
50002129,MJB,米贊比,Mjallby
50002130,MJD,莫達倫,Mjondalen
50002131,MOI,莫奧,Mo
50316571,MOC,摩卡FC,Moca FC
50002132,MBJ,莫柏利噴射機,Modbury Jets
50002133,MOD,摩德納,Modena
50239608,MDN,摩德納FC,Modena FC
50597842,GGL,莫吉爾FC,Moggill FC
50002134,MGT,麥靴比體育會,Moghreb Tetouan
50002135,MGM,莫奇米林,Mogi Mirim
50002136,MHB,莫亨巴根,Mohun Bagan
50002137,MOE,莫迪,Molde
50566593,WMD,莫迪女足,Molde Women
50002138,MOL,摩爾多瓦,Moldova
50002139,MOY,摩爾多瓦U21,Moldova U21
50282163,MAW,摩爾多瓦女足,Moldova Women
50263630,MUS,莫列魯薩,Mollerussa
50002140,MON,摩納哥,Monaco
50002141,U98,摩納哥-李斯特,Monaco-Leicester
50002142,MGS,莫納加斯,Monagas
50002143,MPA,莫納洛黑豹,Monaro Panthers
50002144,MGB,慕遜加柏,Monchengladbach
50599728,MLB,蒙多夫萊班,Mondorf-les-Bains
50002145,MGI,蒙古,Mongolia
50301659,MO4,蒙古男亞足,Mongolia AM
50357035,MG2,蒙古U20,Mongolia U20
50302160,MG3,蒙古U23,Mongolia U23
50301660,MGW,蒙古女足,Mongolia Women
50002146,MOS,蒙斯,Mons
50310628,CMG,蒙塔萊格里,Montalegre
50002147,MTU,蒙斯奧,Montceau
50002148,YMM,山形山神,Montedio Yamagata
50002149,MBU,蒙特哥灣聯,Montego Bay Utd
50002150,MNG,黑山,Montenegro
50002151,MNY,黑山U21,Montenegro U21
50264489,MOW,黑山女足,Montenegro Women
50283462,MTB,蒙特雷灣,Monterey Bay
50002152,MTY,蒙特雷,Monterrey
50353913,MWY,蒙特雷女足,Monterrey Women
50002153,MCT,蒙特維多城托基,Montevideo City Torque
50002154,MLV,蒙特維多利物浦,Montevideo Liverpool
50002155,MTN,蒙特維多國民隊,Montevideo Nacional
50002156,MRP,蒙特維多河床,Montevideo River Plate
50002157,MVW,蒙特維多流浪者,Montevideo Wanderers
50002158,MTC,蒙特路干,Montlucon
50002159,MTO,蒙圖爾斯,Montois
50002160,MPL,蒙彼利埃,Montpellier
50362130,MPW,蒙彼利埃女足,Montpellier Women
50002161,MFC,蒙杜斯,Montrose
50356319,MWO,蒙杜斯女足,Montrose Women
50002162,MTT,蒙特塞拉特,Montserrat
50002163,MOZ,蒙沙,Monza
50002164,MDS,摩度維亞,Mordovia Saransk
50002165,MCB,摩甘比,Morecambe
50002166,MOR,摩里倫斯,Moreirense
50002167,MLZ,莫蘭德斑馬,Moreland Zebras
50295473,MBY,摩頓城精英隊,Moreton City Excelsior
50331731,MBA,莫爾納,Mornar Bar
50002168,MCO,摩洛哥,Morocco
50002169,MRO,摩洛哥男奧足,Morocco Oly Men
50002170,MA2,摩洛哥U20,Morocco U20
50289319,MO3,摩洛哥U23,Morocco U23
50264491,MRW,摩洛哥女足,Morocco Women
50320966,M2W,摩洛哥女足U20,Morocco Women U20
50002171,A30,摩洛哥-安哥拉,Morocco-Angola
50559138,B01,摩洛哥-貝寧,Morocco-Benin
50002172,A31,摩洛哥-布基納法索,Morocco-Burkina Faso
50315874,36A,摩洛哥-科特迪瓦,Morocco-Cote d'Ivoire
50315876,38A,摩洛哥-剛果民主共和國,Morocco-D R Congo
50315875,37A,摩洛哥-埃及,Morocco-Egypt
50315877,39A,摩洛哥-赤道畿內亞,Morocco-Equatorial Guinea
50002173,A32,摩洛哥-加蓬,Morocco-Gabon
50315878,40A,摩洛哥-畿內亞,Morocco-Guinea
50002174,A33,摩洛哥-馬里,Morocco-Mali
50346605,09O,摩洛哥-巴拉圭,Morocco-Paraguay
50002175,A34,摩洛哥-塞內加爾,Morocco-Senegal
50296663,L43,摩洛哥-南非,Morocco-South Africa
50559139,B02,摩洛哥-蘇丹,Morocco-Sudan
50002176,A35,摩洛哥-突尼西亞,Morocco-Tunisia
50002177,A36,摩洛哥-贊比亞,Morocco-Zambia
50002178,MSS,莫斯,Moss
50376068,URJ,莫斯托萊斯URJC,Mostoles URJC
50002179,MOT,馬瑟韋爾,Motherwell
50356315,MWT,馬瑟韋爾女足,Motherwell Women
50002180,MLN,穆蘭,Moulins
50002181,MDR,德魯伊特山流浪,Mount Druitt Rangers
50562348,MUP,芒特普林森,Mount Pleasant
50002182,MOU,梅斯干,Mouscron
50002183,MBQ,莫桑比克,Mozambique
50271428,MZ2,莫桑比克U20,Mozambique U20
50305651,MZW,莫桑比克女足,Mozambique Women
50559171,B34,莫桑比克-蘇丹,Mozambique-Sudan
50538599,MUH,穆阿伊瑟SC,Muaither SC
50002184,MUT,蒙通聯,Muang Thong Utd
50586742,MGE,梅基拉巴,Mudgeeraba
50002185,FCM,米盧斯,Mulhouse
50002186,MUC,孟買城,Mumbai City
50379876,WMS,聞慶尚武女足,Mungyeong Sangmu Women
50331048,MPP,上普恩特,Municipal Puente Alto
50002187,MRA,梅拿,Mura
50356296,MWU,梅拿女足,Mura Women
50002188,MUR,梅西亞,Murcia
50002189,MLS,梅西拿高斯,Murcielagos
50002190,MRC,梅列斯,Murici
50585962,MUY,梅利聯,Murray Utd
50002191,MHR,穆蘇魯拿,Mushuc Runa
50002192,MYP,邁柏,MyPa
50002193,MYA,緬甸,Myanmar
50002194,MA4,緬甸男亞足,Myanmar AM
50002195,MY2,緬甸U20,Myanmar U20
50302150,MM3,緬甸U23,Myanmar U23
50002196,MYW,緬甸女足,Myanmar Women
50355590,MWS,仙台邁那比女足,Mynavi Sendai Women
50002197,NAC,NAC,NAC
50462468,WNA,NAC女足,NAC Women
50002198,NEC,奈梅亨,NEC Nijmegen
50462478,NEO,尼奧姆SC,NEOM SC
50353877,NJN,新澤西紐約高譚女足,NJNY Gotham Women
50599719,AMJ,亞魯米尼,NK Aluminij
50331722,NKB,NK巴禾,NK Bravo
50002199,NKC,施捷,NK Celje
50462431,NKV,華拉薩甸,NK Varazdin
50462428,WNS,NSA索菲亞女足,NSA Sofia Women
50002200,NSI,NSI魯納維克,NSI Runavik
50462438,WNR,NSI魯納維克女足,NSI Runavik Women
50002201,NWS,NWS精神,NWS Spirit
50002202,NAI,國民隊,Nacional
50002203,NPT,國民普托斯,Nacional Potosi
50544232,WNG,內古香女足,Naegohyang Women
50002204,NFT,德黑蘭,Naft Tehran
50002205,NGP,長野帕塞羅,Nagano Parceiro
50355584,NWP,長野帕塞羅女足,Nagano Parceiro Women
50002206,NAG,名古屋鯨魚,Nagoya Grampus
549,NAG,名古屋八鯨,Nagoya Grampus Eight
50558127,NKF,那空拉查斯馬,Nakhon Ratchasima
50334366,NAM,南定,Nam Dinh
50002207,NMB,納米比亞,Namibia
50361314,NM2,納米比亞U20,Namibia U20
50305652,NAW,納米比亞女足,Namibia Women
50002208,ASN,南錫,Nancy
50002209,NAN,南特,Nantes
50362125,NTW,南特女足,Nantes Women
50002210,NPL,拿玻里,Napoli
50355626,NWO,拿玻里女足,Napoli Women
50002211,NRC,奈良俱樂部,Nara Club
50002212,NFQ,拿薩夫,Nasaf Qarshi
50544233,NQW,拿薩夫女足,Nasaf Qarshi Women
50002213,NSH,拿舒維爾,Nashville SC
50289794,NSS,納薩基,Nassaji
50002214,NRF,紐迪高,Nautico Recife
50002215,NAV,拿華,Naval
50289796,NNN,納曼干新春,Navbahor Namangan
50002216,NTH,尼斯夫,Neath
50002217,NCX,尼卡沙,Necaxa
50353926,NXW,尼卡沙女足,Necaxa Women
50002218,NEF,尼菲治,Neftchi
50002219,NFG,尼夫治,Neftchi Farg'ona
50462422,NFW,尼菲治女足,Neftchi Women
50540587,NNZ,下卡姆斯克,Neftekhimik Nizhnekamsk
50289786,NMG,尼文哥特羅,Neman Grodno
50322273,NEP,尼泊爾,Nepal
50002220,NP4,尼泊爾男亞足,Nepal AM
50357026,NP2,尼泊爾U20,Nepal U20
50282156,NPW,尼泊爾女足,Nepal Women
50002221,NST,尼斯特索特拉,Nest Sotra
50002222,NET,荷蘭,Netherlands
50002223,HLB,荷蘭B隊,Netherlands B
50002224,NL2,荷蘭U20,Netherlands U20
50002225,HLY,荷蘭U21,Netherlands U21
50002226,NLW,荷蘭女足,Netherlands Women
50240656,NT2,荷蘭女足U20,Netherlands Women U20
50319606,NW3,荷蘭女足U23,Netherlands Women U23
50354713,53U,荷蘭-阿根廷,Netherlands-Argentina
50002227,W41,荷蘭-奧地利,Netherlands-Austria
3381,02U,荷蘭-比利時,Netherlands-Belgium
50263213,02U,荷蘭-比利時,Netherlands-Belgium
50354714,54U,荷蘭-喀麥隆,Netherlands-Cameroon
50296656,L36,荷蘭-哥倫比亞,Netherlands-Colombia
50002228,F49,荷蘭-科特迪瓦,Netherlands-Cote d'Ivoire
50002229,E16,荷蘭-克羅地亞,Netherlands-Croatia
50002230,W40,荷蘭-丹麥,Netherlands-Denmark
50002231,E14,荷蘭-英格蘭,Netherlands-England
1433,F41,荷蘭-法國,Netherlands-France
50002232,F41,荷蘭-法國,Netherlands-France
50002233,F24,荷蘭-德國,Netherlands-Germany
50002234,E15,荷蘭-意大利,Netherlands-Italy
50296641,L21,荷蘭-牙買加,Netherlands-Jamaica
50354712,52U,荷蘭-墨西哥,Netherlands-Mexico
50296657,L37,荷蘭-摩洛哥,Netherlands-Morocco
50296640,L20,荷蘭-尼日利亞,Netherlands-Nigeria
50002235,E19,荷蘭-波蘭,Netherlands-Poland
50002236,F37,荷蘭-葡萄牙,Netherlands-Portugal
1429,F37,荷蘭-葡萄牙,Netherlands-Portugal
50002237,E17,荷蘭-俄羅斯,Netherlands-Russia
50002238,E20,荷蘭-瑞典,Netherlands-Sweden
3386,07U,荷蘭-瑞士,Netherlands-Switzerland
50002239,E18,荷蘭-烏克蘭,Netherlands-Ukraine
50002240,NCT,納沙泰爾,Neuchatel Xamax
50002241,NUT,紐曼斯特,Neumunster
50002242,NEU,諾伊魯平,Neuruppin
50002243,NUZ,紐斯特利茲,Neustrelitz
50331046,NCD,新喀里多尼亞,New Caledonia
50533481,NC2,新喀里多尼亞U20,New Caledonia U20
50584579,NDW,新喀里多尼亞女足,New Caledonia Women
50002244,NER,新英倫革命,New England Revolution
50283456,NMU,新墨西哥聯,New Mexico Utd
50002245,NYY,紐約城,New York City
50325831,NYI,紐約城二隊,New York City II
50002246,NYC,紐約宇宙,New York Cosmos
50002247,NYR,紐約紅牛,New York Red Bulls
50002248,NZD,新西蘭,New Zealand
50002249,NZO,新西蘭男奧足,New Zealand Oly Men
50002250,NZ2,新西蘭U20,New Zealand U20
50002251,NZW,新西蘭女足,New Zealand Women
50240655,ZW2,新西蘭女足U20,New Zealand Women U20
50002252,NEW,紐卡素,Newcastle
50002253,NCJ,紐卡素噴射機,Newcastle Jets
50377161,NJW,紐卡素噴射機女足,Newcastle Jets Women
50002254,NCO,紐卡素奧林匹克,Newcastle Olympic
50569514,99U,紐卡素-阿特蘭大,Newcastle-Atalanta
50569513,98U,紐卡素-加拉塔沙雷,Newcastle-Galatasaray
50002255,NOB,紐維爾舊生,Newell's Old Boys
50429169,WNO,紐維爾舊生女足,Newell's Old Boys Women
50002256,NPC,紐波特郡,Newport County
50002257,NTN,紐城,Newtown
50002258,NCA,尼加拉瓜,Nicaragua
50304924,NCW,尼加拉瓜女足,Nicaragua Women
50002259,NIC,尼斯,Nice
50002260,NIR,尼日爾,Niger
50289324,NI3,尼日爾U23,Niger U23
50002261,NGR,尼日利亞,Nigeria
50002262,NGO,尼日利亞男奧足,Nigeria Oly Men
50002263,NG2,尼日利亞U20,Nigeria U20
50002264,NGW,尼日利亞女足,Nigeria Women
50002265,NW2,尼日利亞女足U20,Nigeria Women U20
50002266,A72,尼日利-阿爾,Nigeria-Algeria
50002267,A75,尼日利-安哥拉,Nigeria-Angola
50354715,55U,尼日利亞-阿根廷,Nigeria-Argentina
50354716,56U,尼日利亞-奧地利,Nigeria-Austria
50002268,15A,尼日利亞-貝寧,Nigeria-Benin
50002269,A76,尼日利亞-布基納法索,Nigeria-Burkina Faso
50002270,Y17,尼日利亞-喀麥隆,Nigeria-Cameroon
50315873,35A,尼日利亞-科特迪瓦,Nigeria-Cote d'Ivoire
50002271,A77,尼日利亞-剛果民主共和國,Nigeria-D R Congo
50315869,31A,尼日利亞-埃及,Nigeria-Egypt
50315870,32A,尼日利亞-赤道畿內亞,Nigeria-Equatorial Guinea
50287526,32Y,尼日利亞-岡比亞,Nigeria-Gambia
50315871,33A,尼日利亞-畿內亞,Nigeria-Guinea
50287528,34Y,尼日利亞-以色列,Nigeria-Israel
50002272,CF8,尼日利亞-日本,Nigeria-Japan
50002273,Y21,尼日利亞-南韓,Nigeria-Korea Republic
50002274,16A,尼日利亞-馬達加,Nigeria-Madagascar
50002275,A71,尼日利亞-馬里,Nigeria-Mali
50002276,Y11,尼日利亞-墨西哥,Nigeria-Mexico
50002277,A73,尼日利-摩洛哥,Nigeria-Morocco
50287525,31Y,尼日利亞-新西蘭,Nigeria-New Zealand
50315872,34A,尼日利亞-塞內加爾,Nigeria-Senegal
50296649,L29,尼日利亞-南非,Nigeria-South Africa
50559151,B14,尼日利亞-蘇丹,Nigeria-Sudan
50296648,L28,尼日利亞-瑞士,Nigeria-Switzerland
50002278,A74,尼日利亞-突尼西亞,Nigeria-Tunisia
50287527,33Y,尼日利亞-烏茲別克,Nigeria-Uzbekistan
50002279,A70,尼日利-贊比亞,Nigeria-Zambia
50002280,NAS,尼日利亞明星隊,Nigerian All Stars
50002281,NIO,尼奧特,Niort
50002282,NLS,奈斯勒沙克,Noisy-le-Sec
50355591,NSW,相模原野島斯特拉女足,Nojima Stella Sagamihara Women
50002283,KLJ,卡里魯,Nomme Kalju
50002284,NWJ,諾德域克,Noordwijk
50317824,NOU,北歐聯,Nordic Utd
50002285,NDJ,洛斯查蘭特,Nordsjaelland
50462435,WNJ,洛斯查蘭特女足,Nordsjaelland Women
50397923,NOO,諾羅斯特,Noroeste
50271558,NIF,諾比,Norrby
50002286,NKP,諾高平,Norrkoping
50353893,NRW,諾高平女足,Norrkoping Women
50353878,NCC,北卡羅萊納勇氣女足,North Carolina Courage Women
50325828,NCF,北卡羅萊納FC,North Carolina FC
50002287,MAC,北馬其頓,North Macedonia
50002288,MAY,北馬其頓U21,North Macedonia U21
50282159,NMW,北馬其頓女足,North Macedonia Women
50002289,NQF,北昆士蘭風暴,North Queensland Fury
50597734,NSF,北極星FC,North Star FC
50585967,NSE,北鷹陽光,North Sunshine Eagles
50002290,NHT,諾咸頓,Northampton
50295476,NTC,諾斯科特城,Northcote City
50283464,NCL,北科羅拉多雹暴,Northern Colorado Hailstorm
50002291,NOR,北愛爾蘭,Northern Ireland
50002292,NIY,北愛爾蘭U21,Northern Ireland U21
50002293,NIW,北愛爾蘭女足,Northern Ireland Women
50002294,NWV,諾夫維治維多利亞,Northwich Victoria
50002295,NOW,挪威,Norway
50002296,NO2,挪威U20,Norway U20
50002297,NOY,挪威U21,Norway U21
50002298,NWW,挪威女足,Norway Women
50324150,NR3,挪威女足U23,Norway Women U23
50296659,L39,挪威-哥倫比亞,Norway-Colombia
50296644,L24,挪威-丹麥,Norway-Denmark
50296646,L26,挪威-牙買加,Norway-Jamaica
50296658,L38,挪威-摩洛哥,Norway-Morocco
50296645,L25,挪威-尼日利亞,Norway-Nigeria
50475822,L47,挪威-瑞士,Norway-Switzerland
50002299,NOH,諾域治,Norwich
50002300,NTD,諾托頓,Notodden
50002301,NTT,諾丁根,Nottingen
50002302,NOT,諾定咸森林,Nottingham Forest
50002303,NOS,諾士郡,Notts County
50282102,NIG,伊瓜古,Nova Iguacu
50002304,NVR,路華拿,Novara
50462481,NPA,諾維帕扎爾,Novi Pazar
50002305,ZTO,路禾利桑天奴,Novorizontino
50002306,NCH,新芝加哥,Nueva Chicago
50002307,NUM,紐文西亞,Numancia
50002308,NUN,紐尼頓,Nuneaton
50002309,NUR,紐倫堡,Nurnberg
50462445,NBW,紐倫堡女足,Nurnberg Women
50002310,NBS,尼伯辛特,Nybergsund
50562350,OMF,O&M FC,O&M FC
50334110,OCK,奧康納騎士,O'Connor Knights
50002311,OHG,奧希金斯,O'Higgins
50544695,OCP,OCPAM,OCPAM
50599718,OFI,克里特,OFI Crete
50002312,OFK,OFK貝爾格萊德,OFK Beograd
50265888,BOH,OG布魯姆希爾,OG Broomhill
50002313,OHL,奧特海維利,OH Leuven
50362133,OHW,奧特海維利女足,OH Leuven Women
50283457,ORS,奧克蘭根源,Oakland Roots
50002314,OLC,奧克萊加農炮,Oakleigh Cannons
50002315,OSK,奧沙卡,Oaxaca
50002316,OBE,奧柏侯遜,Oberhausen
50002317,OBL,奧柏尼蘭特,Oberneuland
50599213,W99,大洋洲,Oceania
50002318,ODD,奧特足球會,Odd BK
50569727,OVL,奧迪福特,Oddevold
50002319,ODE,奧丹斯,Odense
50002320,ODV,奧迪維拿斯,Odivelas
50002321,OES,奧斯迪,Oeste
50002322,OFB,奧芬巴克,Offenbach
50002323,OIS,瓦塞勒,Oissel
50002324,OIT,大分三神,Oita Trinita
50002325,OCE,奧克拉荷馬能量,Oklahoma City Energy
50585964,OTH,老蘇格蘭人SC,Old Scotch SC
50002326,OLD,奧咸,Oldham
50002327,OSR,亞歷山德里亞,Oleksandriya
50002328,OLH,奧漢倫斯,Olhanense
50002329,OLR,奧林比,Olimpi Rustavi
50002330,OLX,奧林比薩維亞,Olimpic Xativa
50002331,OLJ,奧林比亞,Olimpija
167,OLI,奥林比亞  ,Olimpija
50002332,OPD,奧林比當尼斯克,Olimpik Donetsk
50002333,OLO,奧林普,Olimpo
50002334,OBA,拜路,Oliveira Bairro
50002335,OVS,奧利維倫斯,Oliveirense
50002336,OLM,奧美度,Olmedo
50002337,OLP,奧林比亞高斯,Olympiakos
50324187,C73,奧林比亞高斯-PAOK,Olympiakos-PAOK
50324186,C72,奧林比亞高斯-柏辛域陀尼亞,Olympiakos-Viktoria Plzen
50002338,OFC,奧林匹克FC,Olympic FC
50334115,OKW,奧林匹克京士威,Olympic Kingsway
50002339,OLN,尼姆,Olympique Nimes
50002340,OMA,阿曼,Oman
50002341,OM4,阿曼男亞足,Oman AM
50271422,OM2,阿曼U20,Oman U20
50002342,OM3,阿曼U23,Oman U23
50002344,ONS,奧摩尼亞,Omonia Nicosia
50002345,OCS,卡達斯,Once Caldas
50585603,OKX,諾克斯維爾統一,One Knoxville
50271556,OBK,昂沙拉,Onsala
50002346,OOS,奧斯坦德,Oostende
50002347,ORO,奧柏拉里奧,Operario Ferroviario
50002348,ORC,SC奧蘭治郡,Orange County SC
50002349,ORD,奧達巴斯,Ordabasy
50002350,ORB,奧雷布洛,Orebro
50353899,OOW,奧雷布洛女足,Orebro Women
50406272,OSC,奧倫斯SC,Orense SC
50002351,ORG,奧基迪,Orgryte
50002352,ORT,奧利安圖,Oriental
50002353,OPO,奧利恩特,Oriente Petrolero
50311172,OUL,奧里韋拉CF,Orihuela CF
50002354,OCY,奧蘭多城,Orlando City
50002355,ODP,奧蘭多海盜,Orlando Pirates
50353879,OPW,奧蘭多榮耀女足,Orlando Pride Women
50002356,ORL,奧連斯,Orleans
50324990,Norway,侯登,Orn Horten
50002357,OSA,奧沙辛拿,Osasuna
50002358,OSJ,奧斯積克,Osijek
50356298,OJW,奧斯積克女足,Osijek Women
50271559,OAI,奧斯卡港,Oskarshamns
50002359,OSM,奧斯曼利斯普,Osmanlispor
50002360,OSN,奧斯納貝克,Osnabruck
50002361,TOP,奧斯,Oss
50002362,OST,奧斯達,Osters
50002363,OSU,奧斯達辛斯,Ostersunds
50002364,OTG,加拉治,Otelul Galati
50002365,F01,其他組合,Other Combos
1392,F01,其他組合,Other Combos
50586195,OTHER,其他,Others
0,OTH,其他,Others
366,OT2,其他,Others
365,OT1,其他,Others
369,OT5,其他,Others
367,OT3,其他,Others
368,OT4,其他,Others
50002366,OTW,渥太華烈火,Ottawa Fury
50398123,OUR,奧倫塞CF,Ourense CF
50002367,OVD,奧維多,Oviedo
50002368,OXC,牛津城,Oxford City
50002369,OXF,牛津聯,Oxford Utd
50002370,PAO,PAOK,PAOK
50002371,GAN,基亞尼拿,PAS Giannina
50000642,SOF,索菲亞中央陸軍,PFC CSKA Sofia
50002372,PFS,PFC索契,PFC Sochi
50002373,U64,PSG-馬體會,PSG-Atletico Madrid
2742,U1W,PSG-賓菲加,PSG-Benfica
50002375,U36,PSG-加拉塔,PSG-Galatasaray
50002376,U35,PSG-馬拉加,PSG-Malaga
50002377,U66,PSG-曼聯,PSG-Man Utd
50002378,U87,PSG-摩納哥,PSG-Monaco
50002379,U86,PSG-波圖,PSG-Porto
2722,U1A,PSG-皇馬,PSG-Real Madrid
2733,U1M,PSG-禾夫斯堡,PSG-Wolfsburg
50537437,PSK,PSK甸斯卡耶,PSK Dinskaya
50002380,PSV,燕豪芬,PSV Eindhoven
50362121,PVW,燕豪芬女足,PSV Eindhoven Women
50407774,Q45,燕豪芬-賓菲加,PSV Eindhoven-Benfica
50407776,Q47,燕豪芬-飛燕諾,PSV Eindhoven-Feyenoord
50407775,Q46,燕豪芬-里爾,PSV Eindhoven-Lille
50002381,PAC,帕丘卡,Pachuca
50353911,PCW,帕丘卡女足,Pachuca Women
50002382,PVE,柏斯華利爾,Pacy Vallee d Eure
50002383,PAD,柏達邦,Paderborn
50002384,PDV,帕多瓦,Padova
50331717,PFO,帕福斯,Pafos
50002385,PDL,派德,Paide Linnameeskond
50286103,PJC,坡州前線,Paju Frontier
50002386,PHK,柏克塔哥,Pakhtakor
50002387,PAK,巴基斯坦,Pakistan
50002388,PK4,巴基斯坦男亞足,Pakistan AM
50302163,PA3,巴基斯坦U23,Pakistan U23
50002389,GZM,帕克斯,Paksi
50263642,CSO,基斯托體育會,Palencia Cristo Atletico
50002390,PAL,巴勒莫FC,Palermo FC
50002391,PST,巴勒斯坦,Palestine
50002392,PL4,巴勒斯坦男亞足,Palestine AM
50357029,PT2,巴勒斯坦U20,Palestine U20
50002393,PS3,巴勒斯坦U23,Palestine U23
50318835,PLW,巴勒斯坦女足,Palestine Women
50316077,16B,巴勒斯坦-印尼,Palestine-Indonesia
3097,K11,巴勒斯-馬來西亞,Palestine-Malaysia
50316076,15B,巴勒斯坦-塔吉克,Palestine-Tajikistan
50002394,PLE,柏利斯天奴,Palestino
50002395,PBS,棕櫚灘鯊魚,Palm Beach Sharks
50000278,PMF,柏馬科亞體育會,Palmaflor del Tropico
50002396,PAE,彭美拉斯,Palmeiras
50430585,PWM,彭美拉斯女足,Palmeiras Women
50472609,Q83,彭美拉斯-多蒙特,Palmeiras-Dortmund
50472608,Q82,彭美拉斯-法林明高,Palmeiras-Flamengo
50472607,Q81,彭美拉斯-國際邁亞密,Palmeiras-Inter Miami CF
50472610,Q84,彭美拉斯-蒙特雷,Palmeiras-Monterrey
50002397,PPH,彭比略沙,Pampilhosa
50002398,PAM,巴拿馬,Panama
50002399,PA2,巴拿馬U20,Panama U20
50271429,PMW,巴拿馬女足,Panama Women
50329451,PW2,巴拿馬女足U20,Panama Women U20
50002400,G27,巴拿馬-加拿大,Panama-Canada
50462388,G47,巴拿馬-哥斯達黎加,Panama-Costa Rica
50462389,G46,巴拿馬-危地馬拉,Panama-Guatemala
50002401,G26,巴拿馬-洪都拉斯,Panama-Honduras
50002402,G28,巴拿馬-牙買加,Panama-Jamaica
50002403,PAN,彭拿典奈高斯,Panathinaikos
50002404,PDR,彭杜歷,Pandurii
50002405,FKP,帕內韋日斯,Panevezys
50002406,PAS,彭尼奧尼奧斯,Panionios
50322274,PNG,巴布亞新畿內亞,Papua New Guinea
50271430,PNW,巴布亞新畿內亞女足,Papua New Guinea Women
50002407,PGY,巴拉圭,Paraguay
50332403,PYO,巴拉圭男奧足,Paraguay Oly Men
50002408,PY2,巴拉圭U20,Paraguay U20
50314163,PU3,巴拉圭U23,Paraguay U23
50002409,PAW,巴拉圭女足,Paraguay Women
50323135,P2W,巴拉圭女足U20,Paraguay Women U20
50002410,C40,巴拉圭-玻利維亞,Paraguay-Bolivia
50002411,C35,巴拉圭-哥倫比亞,Paraguay-Colombia
50002412,C37,巴拉圭-厄瓜多爾,Paraguay-Ecuador
50002413,U58,巴拉圭-加納,Paraguay-Ghana
50002414,C36,巴拉圭-墨西哥,Paraguay-Mexico
50002415,C39,巴拉圭-秘魯,Paraguay-Peru
50002416,U52,巴拉圭-土耳其,Paraguay-Turkiye
50002417,C38,巴拉圭-委內瑞拉,Paraguay-Venezuela
50002418,PAA,帕拉拿,Parana
50544694,P1A,巴黎13體育會,Paris 13 Atletico
50002419,PFC,巴黎FC,Paris FC
50356308,PFW,巴黎FC女足,Paris FC Women
50002420,PSG,巴黎聖日耳門,Paris Saint Germain
50356306,PSW,巴黎聖日耳門女足,Paris Saint Germain Women
50472581,Q55,巴黎聖日耳門-希拉爾,Paris Saint Germain-Al Hilal
50569495,80U,巴黎聖日耳門-馬德里體育會,Paris Saint Germain-Atletico Madrid
50407755,Q27,巴黎聖日耳門-賓菲加,Paris Saint Germain-Benfica
50569498,83U,巴黎聖日耳門-波杜基林特,Paris Saint Germain-Bodo Glimt
50472577,Q51,巴黎聖日耳門-保地花高,Paris Saint Germain-Botafogo
50472578,Q52,巴黎聖日耳門-車路士,Paris Saint Germain-Chelsea
50002374,U65,巴黎聖日耳門-多蒙特,Paris Saint Germain-Dortmund
50407758,Q30,巴黎聖日耳門-飛燕諾,Paris Saint Germain-Feyenoord
50472579,Q53,巴黎聖日耳門-富明尼斯,Paris Saint Germain-Fluminense
50407759,Q31,巴黎聖日耳門-國際米蘭,Paris Saint Germain-Inter Milan
50407757,Q29,巴黎聖日耳門-利華古遜,Paris Saint Germain-Leverkusen
50407756,Q28,巴黎聖日耳門-里爾,Paris Saint Germain-Lille
50472580,Q54,巴黎聖日耳門-曼城,Paris Saint Germain-Manchester City
50569494,79U,巴黎聖日耳門-紐卡素,Paris Saint Germain-Newcastle
50472576,Q50,巴黎聖日耳門-彭美拉斯,Paris Saint Germain-Palmeiras
50569497,82U,巴黎聖日耳門-士砵亭,Paris Saint Germain-Sporting
50569496,81U,巴黎聖日耳門-熱刺,Paris Saint Germain-Tottenham
50002421,PAR,帕爾馬,Parma
50462454,WPM,帕爾馬女足,Parma Women
50002422,PAT,巴特里,Partick Thistle
50356314,PWS,巴特里女足,Partick Thistle Women
50002423,PAZ,柏迪遜,Partizan
50002424,PTA,柏迪遜地拉拿,Partizani Tirana
50002425,PCH,帕斯治,Pasching
50002426,POS,帕特奧達斯,Patriotas Boyaca
50307904,PEM,馬斯美克林,Patro Eisden Maasmechelen
50002427,PNT,帕托拿圖,Patronato
50002428,PAF,FC波城,Pau FC
50002429,PAU,保利斯達,Paulista
50002430,PRS,保爾頓流浪,Paulton Rovers
50002431,PVA,帕維亞,Pavia
50002432,PAY,彼辛度,Paysandu
50002433,PES,彭拿體育隊,Pena Sport
50002434,PEN,彭拿費爾,Penafiel
50002435,PNL,彭拿路,Penarol
50002436,PEP,半島電力,Peninsula Power
50289789,PYB,賓尼邦特,Penybont
50002437,TBG,霹靂,Perak TBG
50002438,PPS,柏斯波利斯,Persepolis
50002439,PSB,萬隆,Persib Bandung
50002440,PSJ,佩斯查雅加達,Persija Jakarta
50002441,PJY,佩斯普拉,Persipura Jayapura
50002442,PFG,珀斯光輝,Perth Glory
50377162,WPG,珀斯光輝女足,Perth Glory Women
50334111,PRD,珀斯紅星,Perth RedStar
50002443,PRU,秘魯,Peru
50269129,PE2,秘魯U20,Peru U20
50312138,PE3,秘魯U23,Peru U23
50002444,PRW,秘魯女足,Peru Women
50323136,P2R,秘魯女足U20,Peru Women U20
50002445,C55,秘魯-厄瓜多,Peru-Ecuador
50002446,C56,秘魯-巴拉圭,Peru-Paraguay
50002447,PER,佩魯賈,Perugia
50002448,PSC,佩斯卡拉,Pescara
50002449,PET,彼德堡,Peterborough
50002450,PHD,彼德赫德,Peterhead
50002451,PEH,比杜路古,Petrocub Hincesti
50002452,PTL,比杜路爾,Petrolul
50599727,PVC,帕度華,Petrovac
50002453,PFF,柏夫蘭杜夫,Pfullendorf
50002454,PHU,費城聯,Philadelphia Union
50002455,PHP,菲律賓,Philippines
50357039,PP2,菲律賓U20,Philippines U20
50556397,PH2,菲律賓U22,Philippines U22
50302157,PH3,菲律賓U23,Philippines U23
50002456,PHW,菲律賓女足,Philippines Women
50544240,PPW,金邊皇冠女足,Phnom Penh Crown Women
50000231,ARZ,鳳凰城復活,Phoenix Rising
50002457,PIA,皮亞斯特,Piast Gliwice
50002458,PHN,賓荷諾雲斯,Pinhalnovense
50002459,PIR,佩馬遜斯,Pirmasens
50002460,PSA,比薩SC,Pisa SC
50353894,PTW,比堤亞女足,Pitea Women
50002461,PTT,匹茲堡獵犬,Pittsburgh Riverhounds
50002462,PLA,帕拉賓尼克,Plabennec
50002463,AMD,艾馬多,Plaza Amador
50002464,PLZ,帕拉薩,Plaza Colonia
50002465,PLU,普路維拿,Pluvigner
50002466,PLY,普利茅夫,Plymouth
50002467,PBD,樸比達,Pobeda
50322928,PCC,抱川市民,Pocheon Citizen
50002468,PSZ,沙斯辛,Pogon Szczecin
50002469,PHS,浦項制鐵,Pohang Steelers
50002470,POL,波蘭,Poland
50002471,PO2,波蘭U20,Poland U20
50002472,POY,波蘭U21,Poland U21
50282096,POW,波蘭女足,Poland Women
50599270,PO0,波蘭女足U20,Poland Women U20
50329453,PO3,波蘭女足U23,Poland Women U23
50331719,PZR,普萊西亞日托米爾,Polissya Zhytomyr
50002473,PNA,普隆尼亞,Polonia
50002474,PFD,邦弗拉甸拿,Ponferradina
50002475,PDC,邦迪卓魯,Pont de Cheruy
50313299,PRR,龐塔利耶,Pontarlier
50002476,PTS,邦達蘇倫斯,Pontassolense
50002477,PON,邦迪比達,Ponte Preta
50002478,PTD,邦特韋德拉,Pontevedra
50002479,PVY,邦迪維,Pontivy
50002480,PGS,蓬蒂維,Pontivy GS
50002481,PDN,波迪洛尼,Pordenone
50002482,PGL,樸斯格寧蘭,Pors Grenland
50002483,PTF,泰港,Port FC
50002484,PMS,墨爾本港鯊魚,Port Melbourne Sharks
50002485,PTV,維爾港,Port Vale
50002486,PDW,樸達丹,Portadown
50002487,PTM,樸迪莫倫斯,Portimonense
50353880,PWT,波特蘭荊棘女足,Portland Thorns Women
50002488,PTB,波特蘭伐木者,Portland Timbers
50002489,PTU,波特莫爾聯,Portmore Utd
50002490,POT,波圖,Porto
50002491,R67,波圖-阿積士,Porto-Ajax
50002492,R62,波圖-巴塞,Porto-Barcelona
50002493,R64,波圖-祖雲達斯,Porto-Juventus
50002494,R63,波圖-利物浦,Porto-Liverpool
50002495,R61,波圖-曼城,Porto-Manchester City
50002496,R65,波圖-曼聯,Porto-Manchester Utd
50002497,U88,波圖-摩納哥,Porto-Monaco
50002498,R66,波圖-熱刺,Porto-Tottenham
50002499,PTO,波圖格魯阿羅,Portogruaro
50002500,POR,樸茨茅夫,Portsmouth
50002501,PTN,波圖恩斯,Portuense
50002502,POG,葡萄牙,Portugal
50002503,PUO,葡萄牙男奧足,Portugal Oly Men
50002504,PG2,葡萄牙U20,Portugal U20
50002505,PTY,葡萄牙U21,Portugal U21
50002506,PGW,葡萄牙女足,Portugal Women
50599146,PW4,葡萄牙女足U20,Portugal Women U20
50319630,PW3,葡萄牙女足U23,Portugal Women U23
50002507,W21,葡萄牙-澳洲,Portugal-Australia
50002508,E52,葡萄牙-奧地利,Portugal-Austria
50263211,03F,葡萄牙-比利時,Portugal-Belgium
50002509,Y18,葡萄牙-喀麥隆,Portugal-Cameroon
50002510,W20,葡萄牙-智利,Portugal-Chile
50597840,S02,葡萄牙-哥倫比亞,Portugal-Colombia
50002511,E26,葡萄牙-克羅地亞,Portugal-Croatia
50330209,30U,葡萄牙-捷克,Portugal-Czechia
3384,05U,葡萄牙-丹麥,Portugal-Denmark
50263212,05U,葡萄牙-丹麥,Portugal-Denmark
50002512,W12,葡萄牙-英格蘭,Portugal-England
50002513,E25,葡萄牙-法國,Portugal-France
50002514,W19,葡萄牙-德國,Portugal-Germany
50002515,E24,葡萄牙-意大利,Portugal-Italy
50002516,Y22,葡萄牙-南韓,Portugal-Korea Republic
50002517,Y12,葡萄牙-墨西哥,Portugal-Mexico
50263209,02F,葡萄牙-荷蘭,Portugal-Netherlands
50002518,W22,葡萄牙-新西蘭,Portugal-New Zealand
50002519,U59,葡萄牙-尼日利亞,Portugal-Nigeria
50002520,U47,葡萄牙-巴拉圭,Portugal-Paraguay
50002521,E29,葡萄牙-波蘭,Portugal-Poland
50002522,E27,葡萄牙-俄羅斯,Portugal-Russia
50002523,Y44,葡萄牙-塞內加爾,Portugal-Senegal
50290553,E65,葡萄牙-瑞士,Portugal-Switzerland
50002524,E28,葡萄牙-烏克蘭,Portugal-Ukraine
50002525,U51,葡萄牙-烏拉圭,Portugal-Uruguay
50002526,Y47,葡萄牙-贊比亞,Portugal-Zambia
50002527,POU,波圖哥尼迪,Portugalete
50002528,PTG,波圖基沙,Portuguesa
50316575,PGA,葡萄牙人FC,Portuguesa FC
50002529,PRJ,波圖基沙RJ,Portuguesa RJ
50002530,UPS,普度斯,Potros UAEM
50558128,PTP,巴蜀,Prachuap
50002531,PIN,派恩尼斯,Praiense
50002532,PRE,普雷斯頓,Preston
50538933,PLS,普雷斯頓雄獅,Preston Lions
50002533,PSM,普斯辛蒙斯達,Preussen Munster
50559532,PMV,普利馬韋拉,Primavera
50002534,PRT,比斯天拿,Prishtina
50002535,NIE,尼達干,Progres Niederkorn
168,PUC,貝塞夫  ,Puchov
50002536,PUV,貝塞夫,Puchov
50002537,PUE,普埃布拉,Puebla
50353920,PBW,普埃布拉女足,Puebla Women
50002538,PMT,蒙特港,Puerto Montt
50002539,PUR,波多黎各,Puerto Rico
50304918,PUW,波多黎各女足,Puerto Rico Women
50002540,PUM,普馬斯,Pumas UNAM
50353915,UNW,普馬斯女足,Pumas UNAM Women
50002541,PKA,普斯卡斯學院,Puskas Akademia
50281566,PYG,平澤市民,Pyeongtaek Citizen
50002542,PYU,佩歷克,Pyunik Yerevan
50462419,PYW,佩歷克女足,Pyunik Yerevan Women
50002543,QPR,昆士柏流浪,QPR
50002544,QBL,卡巴拉,Qabala
50002545,QRB,卡拉巴克,Qarabag
50002546,QAT,卡塔爾,Qatar
50002547,QA4,卡塔爾男亞足,Qatar AM
50334368,QSC,卡塔爾SC,Qatar SC
50002548,QA2,卡塔爾U20,Qatar U20
50599271,QA1,卡塔爾U21,Qatar U21
50002549,QA3,卡塔爾U23,Qatar U23
50316061,01B,卡塔爾-印尼,Qatar-Indonesia
50316060,99A,卡塔爾-約旦,Qatar-Jordan
3094,K08,卡塔爾-馬來西亞,Qatar-Malaysia
50316062,02B,卡塔爾-沙特阿拉伯,Qatar-Saudi Arabia
50316058,97A,卡塔爾-塔吉克,Qatar-Tajikistan
50316059,98A,卡塔爾-阿聯酋,Qatar-United Arab Emirates
3093,K07,卡塔爾-烏茲別克,Qatar-Uzbekistan
50586665,QBC,昆比恩城,Queanbeyan City
50002550,QOS,南部皇后,Queen of South
50356320,QPW,昆士柏女足,Queen's Park Women
50002551,QPK,昆士柏,Queens Park
50002552,QUE,克雷塔羅,Queretaro
50353919,QTW,克雷塔羅女足,Queretaro Women
50002553,QKB,奇克男生,Quick Boys
50002554,QUI,基爾梅斯,Quilmes
50263628,QDR,金塔納爾德爾雷,Quintanar del Rey
50002555,RBG,巴拉干天奴紅牛,RB Bragantino
50430576,WRB,巴拉干天奴紅牛女足,RB Bragantino Women
50002556,RBL,RB萊比錫,RB Leipzig
50355611,RZW,RB萊比錫女足,RB Leipzig Women
50002557,LLS,拉連斯,RB Linense
50002343,OMI,RB大宮松鼠,RB Omiya Ardija
50355592,OAW,RB大宮松鼠女足,RB Omiya Ardija Women
50002558,RBC,羅森達爾,RBC Roosendaal
50002559,RFS,RFC瑟蘭,RFC Seraing
50002560,RFR,RFS,RFS
50002561,RKC,華域克,RKC Waalwijk
50002562,RNK,施普列特,RNK Split
50002563,RWM,RWDM布魯塞爾,RWDM Brussels
50002564,RAB,拉布歷基,Rabotnicki
50002565,RCB,競賽會,Racing Club
50002566,RMO,蒙特維多競賽會,Racing Club Montevideo
50429170,RCW,競賽會女足,Racing Club Women
50314562,RCD,法國競賽會,Racing Club de France
50353881,RLW,路易斯維爾競賽女足,Racing Louisville Women
50362144,RPW,競賽力量女足,Racing Power Women
50002567,RIU,競賽聯,Racing Union
50462462,RUW,競賽聯女足,Racing Union Women
50274404,RDC,科爾多瓦競賽,Racing de Cordoba
50290479,RDF,費路爾競賽,Racing de Ferrol
50331734,RIK,雷尼基1923,Radnicki 1923
50002568,RNN,雷尼基利斯,Radnicki Nis
50002569,RRS,拉夫流浪,Raith Rovers
50002570,RJA,拉查體育會,Raja CA
50002571,RCZ,捷斯托佐華,Rakow Czestochowa
50002572,RPJ,蘭普拉青年,Rampla Juniors
50002573,RDB,蘭達堡,Randaberg
50002574,RDS,蘭達斯,Randers
50002575,RAN,格拉斯哥流浪,Rangers
50356309,RWG,格拉斯哥流浪女足,Rangers Women
50002576,RDT,流浪者,Rangers de Talca
50002577,RHM,雲希姆,Ranheim
50002578,RLE,羅恩,Raon L Etape
50002579,RPB,布加勒斯特迅速,Rapid Bucuresti
50002580,RDM,芒通,Rapid Om De Menton
50002581,RVN,維也納迅速,Rapid Vienna
50002582,RMP,拉查布里,Ratchaburi
50002583,RUF,羅科斯,Raufoss
50334360,RVK,拉夫尚庫洛布,Ravshan Kulob
50002584,MDH,馬亞達洪達,Rayo Majadahonda
50558129,RYF,羅勇,Rayong
50002585,REA,雷丁,Reading
50376070,RAV,皇家艾維拉,Real Avila
50430586,WRS,皇家巴西利亞女足,Real Brasilia Women
50002586,RES,皇家伊斯柏納,Real Espana
50002587,RET,皇家艾斯迪利,Real Esteli
50400774,RHO,皇家希望,Real Hope
50002588,RJN,皇家哈恩,Real Jaen
50002589,RMD,皇家馬德里,Real Madrid
50356281,RDW,皇家馬德里女足,Real Madrid Women
50002590,U05,皇馬-AC,Real Madrid-AC Milan
50472592,Q66,皇家馬德里-希拉爾,Real Madrid-Al Hilal
50002591,U63,皇家馬德里-馬德里體育會,Real Madrid-Atletico Madrid
50324157,25U,皇家馬德里-巴塞隆拿,Real Madrid-Barcelona
50002592,U20,皇家馬德里-拜仁慕尼黑,Real Madrid-Bayern Munich
50002593,U06,皇家馬德里-賓菲加,Real Madrid-Benfica
50569506,91U,皇家馬德里-波杜基林特,Real Madrid-Bodo Glimt
50472590,Q64,皇家馬德里-保地花高,Real Madrid-Botafogo
50002594,F55,皇家馬德里-車路士,Real Madrid-Chelsea
50002595,U21,皇家馬德里-多蒙特,Real Madrid-Dortmund
50407734,Q07,皇家馬德里-飛燕諾,Real Madrid-Feyenoord
50472591,Q65,皇家馬德里-富明尼斯,Real Madrid-Fluminense
50002596,F57,皇家馬德里-國際米蘭,Real Madrid-Inter Milan
50002597,U22,皇馬-祖雲達斯,Real Madrid-Juventus
50002598,U91,皇馬-李斯特,Real Madrid-Leicester
50407733,Q06,皇家馬德里-利華古遜,Real Madrid-Leverkusen
50407732,Q05,皇家馬德里-里爾,Real Madrid-Lille
50002599,R11,皇馬-利物浦,Real Madrid-Liverpool
50002600,U24,皇馬-馬拉加,Real Madrid-Malaga
2740,U1T,皇馬-曼城,Real Madrid-Man City
50002601,F56,皇馬-曼聯,Real Madrid-Man Utd
50002602,U79,皇馬-摩納哥,Real Madrid-Monaco
50275664,UC7,皇馬-拿玻里,Real Madrid-Napoli
50569503,88U,皇家馬德里-紐卡素,Real Madrid-Newcastle
50472589,Q63,皇家馬德里-彭美拉斯,Real Madrid-Palmeiras
50002603,U23,皇家馬德里-巴黎聖日耳門,Real Madrid-Paris Saint Germain
50002604,U78,皇馬-波圖,Real Madrid-Porto
50002605,R12,皇馬-羅馬,Real Madrid-Roma
50002606,F58,皇馬-史浩克,Real Madrid-Schalke
50002607,R13,皇馬-西維爾,Real Madrid-Sevilla
50569505,90U,皇家馬德里-士砵亭,Real Madrid-Sporting
50569504,89U,皇家馬德里-熱刺,Real Madrid-Tottenham
50571519,RPL,皇家比拉,Real Pilar
50002608,RPS,皇家普托斯,Real Potosi
50002609,RSL,皇家鹽湖城,Real Salt Lake
50332066,RSJ,皇家聖祖亞昆,Real San Joaquin
50002610,RSO,皇家蘇斯達,Real Sociedad
50002611,ROB,皇家蘇斯達B隊,Real Sociedad B
50356289,RWS,皇家蘇斯達女足,Real Sociedad Women
50002612,RSC,皇家體育會,Real Sport Clube
50319120,RTO,皇家杜馬耶保,Real Tomayapo
50002613,RUN,皇家聯盟,Real Union
50457696,RJW,雷亞利達德女足,Realidade Jovem Women
50306679,RAC,列保度沙,Rebordosa
50566587,RLF,列高列達FC,Recoleta FC
50002614,REH,維爾瓦,Recreativo Huelva
50002615,RBB,巴西紅牛,Red Bull Brasil
50002616,RST,紅星,Red Star
50462486,RTZ,雷加塔吉克,Regar-TadAZ
50306682,RGG,雷焦安納,Reggiana
50002617,REG,里賈納,Reggina
50239607,REI,里賈納1914,Reggina 1914
50002618,RHD,列頓,Rehden
50001982,MBS,滋賀湖王,Reilac Shiga
50002619,REM,蘭斯,Reims
50362128,WRM,蘭斯女足,Reims Women
50474673,RMA,青森清海,Reinmeer Aomori
50002620,REN,雷恩,Rennes
50002621,RYI,山口雷法,Renofa Yamaguchi
50002622,RTT,雲迪斯達斯,Rentistas
50002623,IRE,愛爾蘭,Republic of Ireland
50002624,IEY,愛爾蘭U21,Republic of Ireland U21
50599272,IRU,愛爾蘭U23,Republic of Ireland U23
50260356,RIW,愛爾蘭女足,Republic of Ireland Women
50002625,RSD,雷辛迪,Resende
50458534,RFC,雷特羅FC,Retro FC
50313301,REV,雷維爾,Revel
50002626,RHA,艾達治,Rheindorf Altach
50325170,RIF,羅德島FC,Rhode Island FC
50002627,RHV,羅納河谷,Rhone Vallee
50002628,RHY,拉爾,Rhyl
50002629,RMK,列治文踢球者,Richmond Kickers
50002630,RIE,列特,Ried
50002631,RGA,列加,Riga
50002632,RIG,FC列加,Riga FC
50462459,RFW,FC列加女足,Riga FC Women
50002633,RJK,列積卡,Rijeka
50396568,RJB,列積斯堡男孩,Rijnsburgse Boys
50483002,RIN,里米尼,Rimini
50002634,RIO,里奧艾維,Rio Ave
50002635,RIC,里奧卡拉羅,Rio Claro
50002637,RIP,河床,River Plate
50002638,RPA,亞松森河床,River Plate Asuncion
50429171,RPW,河床女足,River Plate Women
50002639,ROP,羅凡尼米,RoPS
50353905,RAW,洛亞女足,Roa Women
50002640,KMR,熊本羅亞素,Roasso Kumamoto
50002641,ROC,羅奇代爾,Rochdale
50563259,RRV,羅奇代爾流浪,Rochedale Rovers
50002642,RRO,羅徹斯特犀牛,Rochester Rhinos
50002643,RCS,洛克達爾以利亞日,Rockdale Ilinden
50587335,RGH,洛京咸城,Rockingham City
50002644,RJC,洛達,Roda
50002645,ROD,羅德茲,Rodez
50288123,RNM,莫斯科路迪拿,Rodina Moscow
50002646,ROE,羅斯勒,Roeselare
50541658,RRA,羅達拉爾迪,Rohda Raalte
50002647,ROM,羅馬,Roma
50355624,RMW,羅馬女足,Roma Women
50324169,R98,羅馬-阿特蘭大,Roma-Atalanta
50324168,R97,羅馬-馬賽,Roma-Marseille
50002648,R19,羅馬-西維爾,Roma-Sevilla
50002649,ROA,羅馬尼亞,Romania
50002650,ROO,羅馬尼亞男奧足,Romania Oly Men
50275674,RO0,羅馬尼亞U20,Romania U20
50002651,RO2,羅馬尼亞U21,Romania U21
50264493,ROW,羅馬尼亞女足,Romania Women
50569591,RO3,羅馬尼亞女足U23,Romania Women U23
50002652,RMT,羅莫朗坦,Romorantin
50002653,RCL,羅沙里奧中央,Rosario Central
50429172,REW,羅沙里奧中央女足,Rosario Central Women
50002654,RSB,洛辛堡,Rosenborg
50353902,RBW,洛辛堡女足,Rosenborg Women
50353887,RGW,洛辛加特女足,Rosengard Women
50002655,ROY,羅斯郡,Ross County
50002656,ROH,洛巴治,Rossbach
50002657,ROS,羅斯托克,Rostock
50002658,RII,羅斯托克二隊,Rostock II
50002659,RSV,羅斯托夫,Rostov
50430031,WRO,羅斯托夫女足,Rostov Women
50002660,ROT,洛達咸,Rotherham
50002661,RTV,羅達,Rotor Volgograd
50002662,ROU,魯昂,Rouen
50002663,RYP,皇家帕里,Royal Pari
50544244,RTW,皇家廷布書院女足,Royal Thimphu College Women
50002664,RYE,魯瓦,Roye
50308220,RUB,盧比,Rubi
50002665,RKN,魯賓卡山,Rubin Kazan
50430035,RKW,魯賓卡山女足,Rubin Kazan Women
50002666,RCH,魯治卓索,Ruch Chorzow
50002667,RUP,路達普列夫利亞,Rudar Pljevlja
50002668,RVA,呂米伊華尼利斯,Rumilly-Vallieres
50002669,RND,魯斯頓鑽石,Rushden and Diamonds
50002670,RUS,俄羅斯,Russia
50002671,RUY,俄羅斯U21,Russia U21
50002672,RSW,俄羅斯女足,Russia Women
50002673,W35,俄羅斯-澳洲,Russia-Australia
50002674,W34,俄羅斯-喀麥隆,Russia-Cameroon
50002675,W36,俄羅斯-新西蘭,Russia-New Zealand
50002676,RWD,盧旺達,Rwanda
50430036,RYW,拉贊女足,Ryazan Women
50429175,TWS,SAT女足,SAT Women
50002677,SCD,迪尼普體育會,SC Dnipro-1
50306680,SIA,SC路斯坦尼亞,SC Lusitania
50002678,SCP,佩納瓦堡,SC Penalva
50002679,SGH,SC相模原,SC Sagamihara
50002680,VRL,SC費爾,SC Verl
50306681,SCV,SC雲尼斯,SC Vianense
50263631,PED,SCR彭拿,SCR Pena Deportiva
50587195,SFI,SF格爾女足,SF Grei Women
50462426,S2W,薩拉熱窩女足,SFK 2000 Sarajevo Women
50002681,SKS,施拿祖基,SJK Seinajoki
50003344,BEV,SK比華倫,SK Beveren
50002682,SEK,卡巴羅斯克,SKA Khabarovsk
50002683,CLT,祖列泰斯,SO Choletais
50002684,SPE,史帕爾,SPAL
50289784,SSC,SS宇宙,SS Cosmos
50002685,MLD,梅拿達,SS Murata
50002686,SSR,SS利耶斯,SS Reyes
50239609,SSB,SSC巴里,SSC Bari
50002687,DCT,杜車特辛,SV Drochtersen Assel
50002688,SVM,SV梅彭,SV Meppen
50316570,SOO,SV羅賓漢,SV Robinhood
50585889,SWQ,SWQ雷霆,SWQ Thunder
50002689,SAA,沙貝魯根,Saarbrucken
50002690,SQM,沙巴科姆,Saba Qom
50002691,SBA,沙巴度爾,Sabadell
50289782,SBH,沙巴FC,Sabah FC
50002692,SSS,薩爾特河畔,Sable sur Sarthe
50002694,SCR,薩克拉門托共和,Sacramento Republic
50002695,SGT,鳥棲砂岩,Sagan Tosu
50002696,SPS,佐川印刷,Sagawa Printing
50002697,SGY,佐川急便滋賀,Sagawa Shiga
50002698,SAD,聖迪濟耶,Saint Dizier
50002699,SLF,FC聖路易斯,Saint Louis FC
50354599,FSM,法屬聖馬丁,Saint Martin
50314563,SPI,聖普列斯特,Saint Priest
50002700,SNL,聖洛,Saint-Lo
50002701,SLG,紐域治,Saint-Louis Neuweg
50002702,SGN,聖熱納維耶沃,Sainte-Genevieve
50002703,SAI,塞柏,Saipa
50002704,SAK,沙克尼,Sakhnin
50002705,SMC,沙拉曼卡,Salamanca
50002706,SLT,沙蘭力坦拿,Salernitana
50002707,SFC,沙福特城,Salford City
50002708,SAB,沙尼斯貝利,Salisbury
50002709,SAL,薩爾斯堡,Salzburg
50331043,SSA,薩摩亞,Samoa
50002710,GLA,森柏奧哥利亞,Sampaio Correa
50002711,SAM,森多利亞,Sampdoria
50355628,SWP,森多利亞女足,Sampdoria Women
50472634,SUP,薩姆松,Samsunspor
50397932,SBU,聖安東尼奧布洛布洛,San Antonio Bulo Bulo
50002712,SAS,FC聖安東尼奧,San Antonio FC
50331021,SAU,聖安東尼奧聯,San Antonio Unido
50397925,SDF,聖地亞哥FC,San Diego FC
50002713,SDL,聖地亞哥忠誠SC,San Diego Loyal SC
50353882,SWG,聖地亞哥波浪女足,San Diego Wave Women
50002714,SFS,聖法蘭斯高,San Francisco
50002715,SJE,聖荷西地震,San Jose Earthquakes
50002716,SAZ,聖羅倫素,San Lorenzo
50429173,LOW,聖羅倫素女足,San Lorenzo Women
50002717,SLQ,基路達,San Luis Quillota
50429174,WLI,聖路易斯女足,San Luis Women
50002718,SNM,聖馬高斯,San Marcos de Arica
50002719,MAR,聖馬力諾,San Marino
50002720,MRY,聖馬力諾U21,San Marino U21
50002721,SMS,聖馬田聖祖安,San Martin SJ
50002722,SMU,聖馬田圖庫曼,San Martin Tucuman
50002723,SRQ,聖路基利比,San Roque Lepe
50002724,SNE,聖迪莫,San Telmo
50002725,SJD,辛迪夫佐特,Sandefjord
50002726,SHN,辛特侯遜,Sandhausen
50002727,SDS,辛尼斯,Sandnes
50002728,SIF,IF辛迪維根斯,Sandvikens IF
50002729,SAN,廣島三箭,Sanfrecce Hiroshima
50355593,SFW,廣島三箭女足,Sanfrecce Hiroshima Women
50002730,REU,聖安德魯,Sant Andreu
50002731,JUL,辛特祖利亞,Sant Julia
50263640,SLI,聖阿馬利亞,Santa Amalia
50002732,STC,辛達卡拉,Santa Clara
50002733,SCZ,聖十字,Santa Cruz
50002734,TEC,聖達迪卡拉,Santa Tecla
50002735,RAS,桑坦德,Santander
50002736,SMN,聖地牙哥早晨,Santiago Morning
50002737,STW,聖地牙哥漫遊者,Santiago Wanderers
50002738,SAE,聖安德雷,Santo Andre
50002739,SAT,山度士,Santos
50002740,SGU,拿根亞,Santos Laguna
50353928,SWT,拿根亞女足,Santos Laguna Women
50457697,WSS,山度士女足,Santos Women
50002741,SDG,瓜匹來斯,Santos de Guapiles
50002742,SBT,聖賓圖,Sao Bento
50002743,SBE,聖貝拿度,Sao Bernardo
50002744,SAO,聖卡坦奴,Sao Caetano
50002745,SOJ,阿利格里港聖荷西,Sao Jose PA
50002746,SAP,聖保羅,Sao Paulo
50430587,WSP,聖保羅女足,Sao Paulo Women
50002747,SMP,聖多美普林西比,Sao Tome Principe
50002748,SRA,沙蘭迪兵工廠,Sarandi Arsenal
50002749,SMT,沙米恩圖,Sarmiento
50560814,SLD,沙米恩圖拉班達,Sarmiento La Banda
50002750,SPB,薩普斯堡,Sarpsborg
50002751,SRU,沙里聯,Sarre Union
50002752,SSL,薩斯索羅,Sassuolo
50355627,SWU,薩斯索羅女足,Sassuolo Women
50002753,SMO,莫斯科土星,Saturn Moscow
50002754,SAR,沙特阿拉伯,Saudi Arabia
50002755,SA4,沙特阿拉伯男亞足,Saudi Arabia AM
50002756,SUO,沙特阿拉伯男奧足,Saudi Arabia Oly Men
50002757,SR2,沙特阿拉伯U20,Saudi Arabia U20
50002758,S22,沙特阿拉伯U22,Saudi Arabia U22
50002759,SA3,沙特阿拉伯U23,Saudi Arabia U23
50318833,SUW,沙特阿拉伯女足,Saudi Arabia Women
50316064,03B,沙特阿拉伯-巴林,Saudi Arabia-Bahrain
50002760,P53,沙特-中國,Saudi Arabia-China
50462386,G53,沙特阿拉伯-哥斯達黎加,Saudi Arabia-Costa Rica
50462387,G54,沙特阿拉伯-危地馬拉,Saudi Arabia-Guatemala
50002761,P66,沙特阿拉伯-伊拉克,Saudi Arabia-Iraq
3317,P74,沙特-約旦,Saudi Arabia-Jordan
50316065,04B,沙特阿拉伯-巴勒斯坦,Saudi Arabia-Palestine
50002762,P54,沙特阿拉伯-卡塔爾,Saudi Arabia-Qatar
50316063,P73,沙特阿拉伯-敘利亞,Saudi Arabia-Syria
3316,P73,沙特-敘利亞,Saudi Arabia-Syria
50316066,05B,沙特阿拉伯-泰國,Saudi Arabia-Thailand
50002763,P55,沙特-烏茲別克,Saudi Arabia-Uzbekistan
50326631,P96,沙特阿拉伯-越南,Saudi Arabia-Vietnam
50002764,SOL,索米爾,Saumur OL
50002765,SCA,斯卡伯勒,Scarborough
50002766,SCH,史浩克04,Schalke 04
50002767,F66,史浩克-薩克達,Schalke-Shakhtar
50002768,SCM,希爾蒂蓋姆,Schiltigheim
50297615,SMZ,舒賀特緬恩斯,Schott Mainz
50002769,SCO,蘇格蘭,Scotland
50002770,SCY,蘇格蘭U21,Scotland U21
50002771,SOW,蘇格蘭女足,Scotland Women
50329450,SO3,蘇格蘭女足U23,Scotland Women U23
50002772,SCU,斯肯索普,Scunthorpe
50544243,YSW,亞細亞高爾女足,Sdyushor SI-Asiagoal Women
50353883,SRG,西雅圖女王女足,Seattle Reign Women
50002773,SSD,西雅圖海灣者,Seattle Sounders
50002774,SED,色當,Sedan
50002775,SEG,施哥維安納,Segoviana
50379874,WSJ,世宗FC女足,Sejong FC Women
50334367,SGF,雪蘭莪,Selangor
50002776,SLE,薩隆熱,Selongey
50002777,SEN,塞內加爾,Senegal
50002778,SGO,塞內加爾男奧足,Senegal Oly Men
50002779,SN2,塞內加爾U20,Senegal U20
50271432,SEW,塞內加爾女足,Senegal Women
50320964,SG2,塞內加爾女足U20,Senegal Women U20
50002780,A85,塞內加爾-阿爾及利亞,Senegal-Algeria
50002781,A37,塞內加爾-安哥拉,Senegal-Angola
50002782,A38,塞內-布基納,Senegal-Burkina Faso
50002783,A87,塞內加爾-喀麥隆,Senegal-Cameroon
50315880,42A,塞內加爾-佛得角,Senegal-Cape Verde Islands
50002784,10A,塞內加爾-科特迪瓦,Senegal-Cote d'Ivoire
50559142,B05,塞內加爾-剛果民主共和國,Senegal-D R Congo
50002785,A86,塞內-埃及,Senegal-Egypt
50002786,A39,塞內加爾-加蓬,Senegal-Gabon
50002787,A40,塞內-畿內亞,Senegal-Guinea
50002788,A41,塞內-利比亞,Senegal-Libya
50002789,A42,塞內-馬里,Senegal-Mali
50315881,43A,塞內加爾-毛里塔尼亞,Senegal-Mauritania
50002790,A88,塞內-摩洛哥,Senegal-Morocco
50559140,B03,塞內加爾-莫桑比克,Senegal-Mozambique
50315879,41A,塞內加爾-納米比亞,Senegal-Namibia
50002791,11A,塞內加爾-尼日利亞,Senegal-Nigeria
50002792,12A,塞內加爾-南非,Senegal-South Africa
50559141,B04,塞內加爾-坦桑尼亞,Senegal-Tanzania
50002793,A89,塞內-突尼,Senegal-Tunisia
50002794,A43,塞內-贊比亞,Senegal-Zambia
50002795,SEI,FC城南,Seongnam FC
50379875,WSC,首爾城女足,Seoul City Women
50281602,SEL,首爾衣戀,Seoul E-Land
50002796,SPH,沙巴罕,Sepahan
50002797,SOS,施普斯,Sepsi OSK
50002798,SEM,塞爾維亞,Serbia
50002799,SE2,塞爾維亞U20,Serbia U20
50002800,SBY,塞爾維亞U21,Serbia U21
50282153,SRW,塞爾維亞女足,Serbia Women
50002801,STN,施坦尼斯,Sertanense
50002802,SRV,塞維特,Servette
50356303,SWV,塞維特女足,Servette Women
50311173,SES,塞斯度河,Sestao River
50002803,SEU,塞圖巴爾,Setubal
50002804,SEV,西維爾,Sevilla
50002805,SEB,西維爾B隊,Sevilla B
50356444,WSL,西維爾女足,Sevilla Women
50002806,SVJ,施禾奴,Sevojno
50002807,SCE,塞舌爾,Seychelles
50329503,SDW,塞舌爾女足,Seychelles Women
50002808,SAC,塞西奈,Seyssinet AC
50002809,BAA,沙比阿爾阿里,Shabab Al Ahli
50002810,SKH,沙哈霍德羅,Shahr Khodro
50002811,SHR,薩克達,Shakhtar Donetsk
50002812,SKR,卡拉簡迪,Shakhter Karagandy
50002813,SHS,薩克杜亞,Shakhtyor Soligorsk
50002814,SMR,沙姆洛克流浪,Shamrock Rovers
50002815,SHU,撣邦聯,Shan Utd
50002816,SSP,上海海港,Shanghai Port
50002817,SJA,FC沙迦,Sharjah FC
50002818,SHE,錫菲聯,Sheff Utd
50002819,SHW,錫周三,Sheff Wednesday
50002820,SHL,舒爾本,Shelbourne
50002821,SHF,舒列夫,Sheriff
50002822,SHI,清水心跳,Shimizu S-Pulse
50002823,SNK,辛歷克,Shinnik
50002824,SHK,舒拉克,Shirak
50002825,SKD,舒肯迪捷,Shkendija
50002826,SKI,舒古比,Shkupi
50002827,SNB,湘南比馬,Shonan Bellmare
50002828,SRT,索活特聯,Shortwood Utd
50002829,SHB,梳士貝利,Shrewsbury
50002830,SBK,施比尼克,Sibenik
50002831,SIB,施比亞,Sibir Novosibirsk
50002832,SIN,錫根,Siegen
50002833,SIE,錫耶納,Siena
50002834,SRR,塞拉利昂,Sierra Leone
50457689,2SL,塞拉利昂U20,Sierra Leone U20
50002835,SIG,奧洛慕克,Sigma Olomouc
50282529,SHC,始興市民,Siheung Citizen
50599729,SIK,施歷斯,Sileks
50002836,SBI,錫爾克堡,Silkeborg IF
50002837,SGP,新加坡,Singapore
50002838,SG4,新加坡男亞足,Singapore AM
50357041,SP2,新加坡U20,Singapore U20
50556401,2SG,新加坡U22,Singapore U22
50302154,SI3,新加坡U23,Singapore U23
50284857,SGW,新加坡女足,Singapore Women
50002839,SIS,新加坡明星隊,Singaporean All Stars
50288598,SIM,荷屬聖馬丁,Sint Maarten
50002840,STT,聖圖爾登,Sint Truiden
50545192,STS,辛特倫斯,Sintrense
50002841,SIO,錫永,Sion
50002842,SUS,天狼星,Sirius
50002843,SBJ,施洛奇伯拉治,Siroki Brijeg
50002844,SVP,施華斯堡,Sivasspor
50002845,SKB,史卡波維克,Skarbovik
50002846,SKP,史卡普,Skarp
50002847,SKE,史基特,Skeid
50002848,SKU,史簡達堡,Skenderbeu
50002849,SKO,史干圖,Skonto
50271181,SVD,斯高夫德AIK,Skovde AIK
50002850,SLW,施拉斯克,Slask Wroclaw
50002851,SLN,施拉雲,Slaven
375,NKS,斯拉雲,Slaven Belupo
50002852,SLA,布拉格斯拉維亞,Slavia Prague
50356300,PWR,布拉格斯拉維亞女足,Slavia Prague Women
50002853,SMA,施利馬,Sliema
50002854,SGR,施利高流浪,Sligo Rovers
50002855,SLH,史洛治,Slough Town
50002856,SVC,斯洛華高,Slovacko
50002857,SVK,斯洛伐克,Slovakia
50002858,SVB,斯洛伐克A隊,Slovakia A
50284407,SL2,斯洛伐克U20,Slovakia U20
50002859,SVY,斯洛伐克U21,Slovakia U21
50264495,SKW,斯洛伐克女足,Slovakia Women
50287541,47Y,斯洛伐克-新西蘭,Slovakia-New Zealand
50287540,46Y,斯洛伐克-突尼西亞,Slovakia-Tunisia
50002860,SLB,施洛雲,Slovan Bratislava
50002861,SLL,利巴域,Slovan Liberec
50002862,SLO,斯洛文尼亞,Slovenia
50002863,SLY,斯洛文尼亞U21,Slovenia U21
50282154,SVW,斯洛文尼亞女足,Slovenia Women
50002864,SOC,索察,Sochaux
50002865,SGD,桑恩達,Sogndal
50587196,SND,桑恩達女足,Sogndal Women
50540588,SST,薩拉托夫獵鷹,Sokol Saratov
50002866,SDM,索爾德阿美利加,Sol de America
50002867,SHM,索利赫爾摩爾,Solihull Moors
50331045,SOI,所羅門群島,Solomon Islands
50322272,SMI,索馬里,Somalia
50002868,SDK,桑德捷斯基,SonderjyskE
50002869,SOR,FC索倫托,Sorrento FC
50002870,SSK,索特拉體育會,Sotra SK
50002871,RSA,南非,South Africa
50002872,SFO,南非男奧足,South Africa Oly Men
50002873,SA2,南非U20,South Africa U20
50002874,SAW,南非女足,South Africa Women
50002875,A63,南非-阿爾及利亞,South Africa-Algeria
50002876,A66,南非-安哥拉,South Africa-Angola
50002877,19A,南非-貝寧,South Africa-Benin
50002878,A68,南非-布基納,South Africa-Burkina Faso
50002879,A67,南非-佛得角,South Africa-Cape Verde
50002880,A69,南非-剛果,South Africa-D R Congo
50315915,77A,南非-赤道畿內亞,South Africa-Equatorial Guinea
50002881,20A,南非-馬達加,South Africa-Madagascar
50002882,A62,南非-馬里,South Africa-Mali
50002883,A64,南非-摩洛哥,South Africa-Morocco
50002884,A60,南非-尼日利,South Africa-Nigeria
50559168,B31,南非-蘇丹,South Africa-Sudan
50002885,A65,南非-突尼,South Africa-Tunisia
50002886,A61,南非-贊比亞,South Africa-Zambia
50002887,W18,南美洲,South America
50002888,SCW,南岸狼隊,South Coast Wolves
50283460,SGG,南佐治亞風暴,South Georgia Tormenta
50476342,SHT,南霍巴特,South Hobart
50002889,SMB,南墨爾本,South Melbourne
50263208,SSF,FC南盾,South Shields FC
50002890,SSN,南蘇丹,South Sudan
50271425,SS2,南蘇丹U20,South Sudan U20
50329502,SSW,南蘇丹女足,South Sudan Women
50002891,SOU,修咸頓,Southampton
50002892,SOT,修安聯,Southend
50563262,SDR,南區奇兵,Southern Districts Raiders
50002893,SPT,南港,Southport
50002894,SPA,西班牙,Spain
50002895,SNO,西班牙男奧足,Spain Oly Men
50002896,ES2,西班牙U20,Spain U20
50002897,ESY,西班牙U21,Spain U21
50002898,SPW,西班牙女足,Spain Women
50240649,SW2,西班牙女足U20,Spain Women U20
50319603,SW3,西班牙女足U23,Spain Women U23
50002899,F14,西班牙-阿根廷,Spain-Argentina
50296621,L01,西班牙-澳洲,Spain-Australia
50002900,E47,西班牙-奧地利,Spain-Austria
50002901,F69,西班牙-白俄羅斯,Spain-Belarus
50002902,E46,西班牙-比利時,Spain-Belgium
50002903,F02,西班牙-巴西,Spain-Brazil
50354693,33U,西班牙-喀麥隆,Spain-Cameroon
50346720,13O,西班牙-加拿大,Spain-Canada
50002904,F27,西班牙-智利,Spain-Chile
50002905,W08,西班牙-哥倫比亞,Spain-Colombia
50002906,F32,西班牙-科特迪瓦,Spain-Cote d'Ivoire
50002907,E01,西班牙-克羅地亞,Spain-Croatia
50002908,F70,西班牙-捷克,Spain-Czechia
50002909,F68,西班牙-丹麥,Spain-Denmark
50002910,Y08,西班牙-厄瓜多爾,Spain-Ecuador
50002911,Y05,西班牙-埃及,Spain-Egypt
1395,F03,西班牙-英格蘭,Spain-England
50002912,F67,西班牙-英格蘭,Spain-England
1403,F11,西班牙-法國,Spain-France
50002913,F11,西班牙-法國,Spain-France
50290550,E62,西班牙-格魯吉亞,Spain-Georgia
50002914,F21,西班牙-德國,Spain-Germany
1413,F21,西班牙-德國,Spain-Germany
50002915,U42,西班牙-加納,Spain-Ghana
50002916,O16,西班牙-英國,Spain-Great Britain
50002917,U45,西班牙-希臘,Spain-Greece
50002918,Y27,西班牙-危地馬拉,Spain-Guatemala
50002919,F71,西班牙-冰島,Spain-Iceland
50290549,E61,西班牙-以色列,Spain-Israel
1397,F05,西班牙-意大利,Spain-Italy
50002920,F05,西班牙-意大利,Spain-Italy
50296622,L02,西班牙-牙買加,Spain-Jamaica
50002921,O17,西班牙-日本,Spain-Japan
50354692,32U,西班牙-北韓,Spain-Korea DPR
50002922,O18,西班牙-南韓,Spain-Korea Republic
50002923,O19,西班牙-墨西哥,Spain-Mexico
50002924,O20,西班牙-摩洛哥,Spain-Morocco
1396,F04,西班牙-荷蘭,Spain-Netherlands
50002925,F04,西班牙-荷蘭,Spain-Netherlands
50002926,Y01,西班牙-尼日利亞,Spain-Nigeria
50475819,L44,西班牙-挪威,Spain-Norway
50002927,F33,西班牙-巴拉圭,Spain-Paraguay
50002928,E03,西班牙-波蘭,Spain-Poland
50002929,F15,西班牙-葡萄牙,Spain-Portugal
1407,F15,西班牙-葡萄牙,Spain-Portugal
50002930,E02,西班牙-俄羅斯,Spain-Russia
50330208,29U,西班牙-塞爾維亞,Spain-Serbia
50002931,E04,西班牙-瑞典,Spain-Sweden
50002932,F72,西班牙-瑞士,Spain-Switzerland
50002933,U40,西班牙-土耳其,Spain-Turkiye
50346719,12O,西班牙-美國,Spain-USA
50002934,F73,西班牙-烏克蘭,Spain-Ukraine
50002935,F39,西班牙-烏拉圭,Spain-Uruguay
50002936,U49,西班牙-烏茲別克,Spain-Uzbekistan
3391,12U,西班牙-威爾斯,Spain-Wales
50272247,SVS,史帕肯堡,Spakenburg
50002937,SNJ,尼卡克斯巴達,Sparta Nijkerk
50002938,SPP,布拉格斯巴達,Sparta Prague
50462433,PWG,布拉格斯巴達女足,Sparta Prague Women
50002939,SPR,鹿特丹斯巴達,Sparta Rotterdam
50462469,RWT,鹿特丹斯巴達女足,Sparta Rotterdam Women
50361161,SKA,科斯特羅馬斯巴達,Spartak Kostroma
50002940,SPM,莫斯科斯巴達,Spartak Moscow
50430037,SMW,莫斯科斯巴達女足,Spartak Moscow Women
50462482,WST,米亞瓦斯巴達女足,Spartak Myjava Women
50002941,NCS,尼茲克斯巴達,Spartak Nalchik
50002942,TVS,泰拿華斯巴達,Spartak Trnava
50002943,SRK,斯巴達克,Spartaks
50002944,SPN,斯巴達人,Spartans
50356317,TWA,斯巴達人女足,Spartans Women
50002945,SPZ,史柏斯亞,Spezia
50325171,SPV,斯波坎速度,Spokane Velocity
50002946,SBC,卡拿奧體育生隊,Sport Boys Callao
50002947,SBS,禾尼斯體育生隊,Sport Boys Warnes
50002948,SRF,利斯菲體育會,Sport Recife
50430588,WSR,利斯菲體育會女足,Sport Recife Women
50002949,SRS,羅沙里奧體育會,Sport Rosario
50002950,LTT,SF洛特,Sportfreunde Lotte
50002951,SPO,士砵亭,Sporting
50566596,SCJ,傑克遜維爾體育會,Sporting Club Jacksonville
50002952,SPC,士砵亭水晶,Sporting Cristal
50002953,SFG,芬加爾,Sporting Fingal
50002954,KCW,肯薩斯體育會,Sporting Kansas City
50562352,SSM,聖米格利托體育會,Sporting San Miguelito
50356305,SWC,士砵亭女足,Sporting Women
50569516,02W,士砵亭-阿特蘭大,Sporting-Atalanta
50569515,01W,士砵亭-加拉塔沙雷,Sporting-Galatasaray
50268768,SVA,艾美利亞諾,Sportivo Ameliano
50430816,SLP,拉斯柏利查斯,Sportivo Las Parejas
50002955,LQN,路昆奴,Sportivo Luqueno
50316574,STI,特立尼登斯,Sportivo Trinidense
50002956,SLK,斯里蘭卡,Sri Lanka
50357031,S2L,斯里蘭卡U20,Sri Lanka U20
50598635,SWK,斯里蘭卡女足,Sri Lanka Women
50002957,SWJ,斯里維加亞,Sriwijaya
50563254,SSI,聖奧爾本斯戴拿模,St Albans Dinamo
50563263,SGC,聖佐治城,St George City
50563264,SGE,聖佐治FC,St George FC
50586197,GGG,聖佐治維拉翁,St George Willawong
50002958,SJP,FC聖若瑟,St Joseph's FC
50002959,SPK,聖巴特里,St Patrick
50002960,SSH,聖派維,St Pryve St Hilaire
50002961,SCB,聖哥隆賓,St. Colomban
50002962,SET,聖伊天,St. Etienne
50362124,WSE,聖伊天女足,St. Etienne Women
50002963,SGA,聖加倫,St. Gallen
50002964,STJ,聖莊士東,St. Johnstone
50288597,SKN,聖基茨和尼維斯,St. Kitts and Nevis
50304922,SNW,聖基茨和尼維斯女足,St. Kitts and Nevis Women
50267912,SLC,聖路易城SC,St. Louis City SC
50288596,SLU,聖盧西亞,St. Lucia
50002965,SML,聖馬洛,St. Malo
50002966,STM,聖美倫,St. Mirren
50002967,LAM,聖奧恩,St. Ouen L Aum
50002968,SPL,聖保利,St. Pauli
50002969,PLT,聖普爾頓,St. Polten
50356295,PWO,聖普爾頓女足,St. Polten Women
50002970,SVT,聖文森,St. Vincent and Grenadines
50002971,STA,史達比克,Stabaek
50353906,AEW,史達比克女足,Stabaek Women
50002972,SBO,比奧真,Stade Briochin
50002973,NNS,尼奈斯,Stade Nyonnais
50002974,SNT,史泰尼斯城,Staines Town
50544228,WLL,拉古拿駿馬女足,Stallion Laguna Women
50002975,STD,標準列治,Standard
50362136,WSD,標準列治女足,Standard Women
50002976,STR,史達,Start
50002977,SVR,史達雲格,Stavanger
50570862,SCF,鋼鐵城FC,Steel City FC
50002978,SEJ,史泰恩查,Steinkjer
50002979,STH,史丹侯斯姆,Stenhousemuir
50002980,STV,史提芬納治,Stevenage
50002981,STL,斯特靈,Stirling Albion
50002982,SGL,史特靈馬其頓,Stirling Macedonia
50002983,SJN,史達蘭,Stjarnan
50002984,SDB,史佐達斯布寧,Stjordals Blink
50002985,STP,史托港,Stockport
50352410,SSU,史托辛特,Stocksund
50002986,STO,史篤城,Stoke
50002987,SBD,史度橋,Stourbridge
50002988,STF,斯特蘭拉爾,Stranraer
50002989,STB,斯特拉斯堡,Strasbourg
50362127,SWB,斯特拉斯堡女足,Strasbourg Women
50002990,SDH,史特連希咸,Strindheim
50002991,SMM,史杜文,Strommen
50002992,STG,史卓加斯特,Stromsgodset
50544238,WSK,史崔克女足,Strykers Women
50002993,SGZ,格拉茨,Sturm Graz
50002994,STU,史特加,Stuttgart
50002995,STK,史特加踢球者,Stuttgarter Kickers
50002996,STQ,蘇奇特佩基,Suchitepequez
50002997,SDN,蘇丹,Sudan
50559172,B35,蘇丹-坦桑尼亞,Sudan-Tanzania
50297619,SUDT,蘇迪路,Sudtirol
50002998,SDV,蘇度瓦,Suduva
50002999,SKT,素可泰,Sukhothai
50331720,SMG,薩姆加耶特,Sumgayit
50003000,SUN,新特蘭,Sunderland
50003001,SUD,辛斯華爾,Sundsvall
50597824,WDE,陽光海岸流浪者,Sunshine Coast Wanderers
50003002,SFD,蘇柏芬特,Superfund
50003003,SBR,素攀武里,Suphanburi
50003004,SUR,蘇里南,Suriname
50563266,THK,薩瑟蘭鯊魚,Sutherland Sharks
50003005,SJK,蘇積斯卡,Sutjeska
50003006,SUT,瑟頓聯,Sutton Utd
50003007,SBW,水原藍翼,Suwon Bluewings
50003008,SWF,FC水原,Suwon FC
50379872,WSF,水原FC女足,Suwon FC Women
50003009,SWA,史雲斯,Swansea
2646,SWL,斯威士蘭,Swaziland
50003010,SWE,瑞典,Sweden
50003011,SDO,瑞典男奧足,Sweden Oly Men
50310204,SD2,瑞典U20,Sweden U20
50003012,SWY,瑞典U21,Sweden U21
50003013,SWW,瑞典女足,Sweden Women
50324151,SD3,瑞典女足U23,Sweden Women U23
50296639,L19,瑞典-澳洲,Sweden-Australia
50003014,W43,瑞典-奧地利,Sweden-Austria
50296655,L35,瑞典-哥倫比亞,Sweden-Colombia
3398,19U,瑞典-克羅地亞,Sweden-Croatia
50003015,W42,瑞典-丹麥,Sweden-Denmark
50296643,L23,瑞典-牙買加,Sweden-Jamaica
50296654,L34,瑞典-摩洛哥,Sweden-Morocco
50296642,L22,瑞典-尼日利亞,Sweden-Nigeria
50003016,W44,瑞典-西班牙,Sweden-Spain
50475821,L46,瑞典-瑞士,Sweden-Switzerland
50462463,SQW,斯維基聯女足,Swieqi United Women
50289774,SWH,赫斯佩蘭治,Swift Hesperange
50003017,SWD,史雲頓,Swindon
50003018,SWS,史雲頓超級海軍,Swindon Supermarine
50003019,SWI,瑞士,Switzerland
50003020,SWO,瑞士男奧足,Switzerland Oly Men
50003021,CH2,瑞士U20,Switzerland U20
50003022,SIY,瑞士U21,Switzerland U21
50003023,SIW,瑞士女足,Switzerland Women
50290555,E67,瑞士-格魯吉亞,Switzerland-Georgia
50290554,E66,瑞士-以色列,Switzerland-Israel
50296650,L30,瑞士-牙買加,Switzerland-Jamaica
50003024,O21,瑞士-墨西哥,Switzerland-Mexico
50296662,L42,瑞士-摩洛哥,Switzerland-Morocco
50003025,F94,瑞士-烏克蘭,Switzerland-Ukraine
50003026,SEP,斯沃普柏流浪,Swope Park Rangers
50585963,SDC,悉丹咸公園SC,Sydenham Park SC
50003027,SYD,FC悉尼,Sydney FC
50563267,SFY,FC悉尼B隊,Sydney FC B
50377163,WSY,FC悉尼女足,Sydney FC Women
50003028,SOM,悉尼奧林匹克,Sydney Olympic
50003029,SYU,悉尼聯,Sydney Utd
50003030,SYR,敘利亞,Syria
50003031,SY4,敘利亞男亞足,Syria AM
50003032,SY2,敘利亞U20,Syria U20
50003033,SY3,敘利亞U23,Syria U23
50318834,SYW,敘利亞女足,Syria Women
50316081,20B,敘利亞-印尼,Syria-Indonesia
50316080,19B,敘利亞-塔吉克,Syria-Tajikistan
50003034,SYK,西里安斯卡,Syrianska
50003035,TDK,TDK SC,TDK SC
50003036,TPF,TP-47,TP-47
50003037,TPS,TPS杜古,TPS Turku
50003038,TCY,塔庫里,Tacuary
50003039,TAH,大溪地,Tahiti
50003040,TA2,大溪地U20,Tahiti U20
50003041,TJK,塔吉克,Tajikistan
50003042,TJ4,塔吉克男亞足,Tajikistan AM
50271421,TJ2,塔吉克U20,Tajikistan U20
50003043,TJ3,塔吉克U23,Tajikistan U23
50282160,TAW,塔吉克女足,Tajikistan Women
3143,TJW,塔吉克女足,Tajikistan Women
50003044,TAL,塔拉韋拉,Talavera
50003045,TLL,泰拿尼斯,Talleres
50429176,WTL,泰拿尼斯女足,Talleres Women
50327511,TDR,列美迪奧斯,Talleres de Remedios
50331728,TLV,塔林卡列夫,Tallinna Kalev
50003046,FTB,譚柏灣暴徒,Tampa Bay Rowdies
50003047,TPU,譚柏利,Tampere United
50003049,TPN,淡濱尼流浪,Tampines Rovers
50003050,TMW,譚禾夫,Tamworth
50003051,TZA,坦桑尼亞,Tanzania
50457691,TZ2,坦桑尼亞U20,Tanzania U20
50319601,TZW,坦桑尼亞女足,Tanzania Women
50320967,TW2,坦桑尼亞女足U20,Tanzania Women U20
50334219,TPT,塔巴迪奧,Tapatio
50003052,TAB,塔布,Tarbes
50308215,TDA,塔迪恩達,Tardienta
50003053,TAM,達古莫勒斯,Targu Mures
50457695,TBW,陶巴特女足,Taubate Women
50003054,TAU,陶羅,Tauro
50003055,TSF,泰夫利亞,Tavriya Simferopol
50319122,TEU,安巴托理工大學,Tecnico Universitario
50319129,TJM,宮崎棒牛鳥,Tegevajaro Miyazaki
50003056,TLT,泰斯達,Telstar
50362122,TSW,泰斯達女足,Telstar Women
50003057,TPY,坦柏利,Temperley
50003058,TRF,特內里費,Tenerife
50356290,TFW,特內里費女足,Tenerife Women
50334220,TPI,特帕蒂特蘭,Tepatitlan
50003059,TEP,塔比歷斯,Teplice
50003060,TER,特拉納,Ternana
50462455,TWN,特拉納女足,Ternana Women
50308212,TSS,泰拿沙,Terrassa
50263624,TRU,特魯埃爾,Teruel
50003061,TAS,泰國明星隊,Thai All Stars
50003062,THA,泰國,Thailand
50003063,TH4,泰國男亞足,Thailand AM
50357038,TH2,泰國U20,Thailand U20
50556400,TI2,泰國U22,Thailand U22
50003064,TH3,泰國U23,Thailand U23
50003065,THW,泰國女足,Thailand Women
50581680,2TW,泰國女足U20,Thailand Women U20
50316079,18B,泰國-印尼,Thailand-Indonesia
3315,P72,泰國-約旦,Thailand-Jordan
3314,P71,泰國-敘利亞,Thailand-Syria
50316078,17B,泰國-塔吉克,Thailand-Tajikistan
50584045,P92,泰國-烏茲別克,Thailand-Uzbekistan
50584044,P91,泰國-越南,Thailand-Vietnam
50001214,FTH,清化,Thanh Hoa
50003066,THH,泰恩侯遜,Thannhausen
50003067,TAN,塔昂,Thaon
50003068,TNS,新聖徒,The New Saints
50003069,TST,強者,The Strongest
50003070,KST,群馬草津溫泉,Thespakusatsu Gunma
50003071,TIS,泰亞斯,Thiers
50003072,THN,杜安,Thun
50003073,TJQ,天津TH,Tianjin TH
50000832,CMT,老虎FC,Tigers FC
50003074,TGE,堤格雷,Tigre
50003075,TIG,堤格雷斯,Tigres UANL
50353914,UAW,堤格雷斯女足,Tigres UANL Women
50003076,TJA,迪祖亞拿,Tijuana
50353917,TJW,迪祖亞拿女足,Tijuana Women
50331730,TIK,迪華殊,Tikvesh
50003077,TMS,添美索亞拿,Timisoara
50003078,TML,東帝汶,Timor-Leste
50003079,TL4,東帝汶男亞足,Timor-Leste AM
50357033,TL2,東帝汶U20,Timor-Leste U20
50302161,TL3,東帝汶U23,Timor-Leste U23
50003080,TPL,泰拉斯普爾,Tiraspol
50334221,TXA,特拉斯卡拉,Tlaxcala
50003081,TBL,杜保爾,Tobol
50003083,TUV,櫪木城,Tochigi City
50003082,TOC,櫪木SC,Tochigi SC
50003084,TGO,多哥,Togo
50003085,TKV,德島漩渦,Tokushima Vortis
50003086,TOK,東京綠茵,Tokyo Verdy
554,TOK,東京1969,Tokyo Verdy 1969
50355594,TVW,東京綠茵女足,Tokyo Verdy Women
50003087,TLD,托萊多,Toledo
50003088,TLC,托盧卡,Toluca
50353925,TCW,托盧卡女足,Toluca Women
50003089,TMT,杜莫斯,Tom Tomsk
50282101,TOM,托姆本斯,Tombense
50003090,TND,唐迪拉,Tondela
50003091,TSB,唐斯堡,Tonsberg
50003092,TFC,FC多倫多,Toronto FC
50003093,TOA,阿爾馬維爾魚雷,Torpedo Armavir
50003094,TKT,古泰斯魚雷,Torpedo Kutaisi
50003095,TOR,莫斯科魚雷,Torpedo Moscow
50289783,TZH,若基諾魚雷,Torpedo Zhodino
50003096,TOQ,托基聯,Torquay
50003097,TLS,杜連斯,Torreense
50362142,TRW,杜連斯女足,Torreense Women
50003098,TSO,杜斯奴,Tosno
50003099,TOT,熱刺,Tottenham
50355606,TEW,熱刺女足,Tottenham Women
50003100,R39,熱刺-阿積士,Tottenham-Ajax
50569518,04W,熱刺-阿特蘭大,Tottenham-Atalanta
50003101,R51,熱刺-巴塞,Tottenham-Barcelona
50569517,03W,熱刺-加拉塔沙雷,Tottenham-Galatasaray
50003102,R53,熱刺-祖雲達斯,Tottenham-Juventus
50003103,R52,熱刺-利物浦,Tottenham-Liverpool
50003104,R50,熱刺-曼城,Tottenham-Manchester City
50003105,R54,熱刺-曼聯,Tottenham-Manchester Utd
50003106,R40,熱刺-波圖,Tottenham-Porto
50003107,F65,熱刺-史浩克,Tottenham-Schalke
50003108,TOL,土倫,Toulon
50003109,TOU,圖盧茲,Toulouse
50003110,TOS,杜亞斯,Tours
50003111,TRA,特拉布宗,Trabzonspor
50003112,TSZ,泰拉克托,Tractor SC
50003113,TRM,燦美爾,Tranmere
50003114,TSN,贊斯拿華,Trans Narva
50003115,TAP,特拉帕尼,Trapani
50331026,TDL,特拉桑迪洛,Trasandino de Los Andes
50003116,TFI,迪科奧里,Tre Fiori
50003117,TPE,迪賓尼,Tre Penne
50003118,TSC,泰列沙斯,Trelissac
50003119,TLB,特利堡,Trelleborgs
50353900,TLW,特利堡女足,Trelleborgs Women
50003120,TRV,泰列維素,Treviso
50003121,TRI,基拿,Trier
50003122,TRE,泰利斯天拿,Triestina
50003123,TRN,千里達,Trinidad and Tobago
50003124,TT2,千里達U20,Trinidad and Tobago U20
50304925,TTW,千里達女足,Trinidad and Tobago Women
50003125,TFN,泰羅芬斯,Trofense
50003126,TLH,特羅赫頓,Trollhattan
50003127,TSD,特林達倫,Tromsdalen
50003128,TRS,特林素,Tromso
50003129,TRO,特魯瓦,Troyes
50003130,TRJ,圖積蘭奴斯,Trujillanos
50003131,TU1,築波大學,Tsukuba University
50003132,TSK,科布倫斯,TuS Koblenz
50003133,TGU,塔格拉諾聯,Tuggeranong Utd
50283461,TUA,塔爾薩體育,Tulsa Athletic
50003134,TUN,突尼西亞,Tunisia
50271424,TU2,突尼西亞U20,Tunisia U20
50319600,TNW,突尼西亞女足,Tunisia Women
50003135,A44,突尼-安哥拉,Tunisia-Angola
50003136,A45,突尼-布基納,Tunisia-Burkina Faso
50559155,B18,突尼西亞-喀麥隆,Tunisia-Cameroon
50559154,B17,突尼西亞-剛果民主共和國,Tunisia-D R Congo
50003137,A46,突尼-加蓬,Tunisia-Gabon
50003138,A47,突尼-馬里,Tunisia-Mali
50559157,B20,突尼西亞-莫桑比克,Tunisia-Mozambique
50003139,A48,突尼-塞內,Tunisia-Senegal
50003140,21A,突尼西亞-南非,Tunisia-South Africa
50559156,B19,突尼西亞-坦桑尼亞,Tunisia-Tanzania
50003141,A49,突尼-贊比亞,Tunisia-Zambia
50355618,TWP,波茨坦渦輪女足,Turbine Potsdam Women
50308210,TUG,圖雷加諾,Turegano
50003146,TGM,托古古慕尼黑,Turkgucu Munich
50003142,TUR,土耳其,Turkiye
50003143,TR2,土耳其U20,Turkiye U20
50003144,TKY,土耳其U21,Turkiye U21
50282157,TUW,土耳其女足,Turkiye Women
50003145,U60,土耳其-墨西哥,Turkiye-Mexico
50003147,TKM,土庫曼,Turkmenistan
50332397,TK2,土庫曼U20,Turkmenistan U20
50003148,TK3,土庫曼U23,Turkmenistan U23
50354015,TCI,特克斯和凱科斯群島,Turks and Caicos Islands
50003149,TZC,杜斯拿城,Tuzla City
50003150,FCT,川迪,Twente
50356299,TWT,川迪女足,Twente Women
50003151,TUM,泰奧曼,Tyumen
50003152,UMI,蒙塔尼亞迪,U S Montagnarde Inzinzac
50003153,UAO,阿聯酋男奧足,UAE Oly Men
50003154,UA3,阿聯酋U23,UAE U23
50003155,P56,阿聯酋-中國,UAE-China
50003156,P57,阿聯酋-伊拉克,UAE-Iraq
3320,P77,阿聯酋-約旦,UAE-Jordan
50003157,P67,阿聯酋-卡塔爾,UAE-Qatar
50003158,P58,阿聯酋-沙特,UAE-Saudi Arabia
50003160,P59,阿聯酋-烏茲別克,UAE-Uzbekistan
50003161,DUB,都柏林大學,UC Dublin
50003162,UMA,UCAM梅西亞,UCAM Murcia
50263623,UDA,艾捷拉,UD Alzira
50263651,UDB,巴巴達斯聯,UD Barbadas
50003163,IBZ,伊維薩聯,UD Ibiza
50003164,LGR,洛哥尼斯聯,UD Logrones
50541828,USN,UD森馬奴,UD Samano
50263647,UEO,奧洛特,UE Olot
50003165,UEC,UE聖達哥林瑪,UE Santa Coloma
50331727,UNA,施特拉森,UNA Strassen
50563265,UNS,新南威爾斯大學FC,UNSW FC
50003166,USC,美國芝華士,US Chivas
50544403,USI,伊夫里,US Ivry
50003167,QUS,奎維利魯昂,US Quevilly Rouen
50313298,THI,US泰安維爾,US Thionville Lusitanos
50003168,USA,美國,USA
50332398,UTO,美國男奧足,USA Oly Men
50003169,US2,美國U20,USA U20
50599150,US1,美國U21,USA U21
50306332,US3,美國U23,USA U23
50003170,USW,美國女足,USA Women
50240651,UW2,美國女足U20,USA Women U20
50459298,UW3,美國女足U23,USA Women U23
50296623,L03,美國-澳洲,USA-Australia
50346722,15O,美國-巴西,USA-Brazil
50003171,G14,美國-加拿大,USA-Canada
50331294,D02,美國-智利,USA-Chile
50296626,L06,美國-哥倫比亞,USA-Colombia
50003172,G11,美國-哥斯達,USA-Costa Rica
50296624,L04,美國-丹麥,USA-Denmark
50287522,28Y,美國-厄瓜多爾,USA-Ecuador
50346607,10O,美國-埃及,USA-Egypt
50003173,G16,美國-薩爾瓦多,USA-El Salvador
50346721,14O,美國-法國,USA-France
50003174,G17,美國-危地馬拉,USA-Guatemala
50003175,G13,美國-洪都拉斯,USA-Honduras
50003176,G15,美國-牙買加,USA-Jamaica
50287523,29Y,美國-南韓,USA-Korea Republic
50003177,G29,美國-墨西哥,USA-Mexico
50296625,L05,美國-摩洛哥,USA-Morocco
50354707,47U,美國-荷蘭,USA-Netherlands
50287524,30Y,美國-尼日利亞,USA-Nigeria
50003178,G12,美國-巴拿馬,USA-Panama
50346606,D05,美國-巴拉圭,USA-Paraguay
50331296,D04,美國-秘魯,USA-Peru
50462383,G50,美國-沙特阿拉伯,USA-Saudi Arabia
50287521,27Y,美國-斯洛伐克,USA-Slovakia
50003179,G18,美國-千里達,USA-Trinidad and Tobago
50331295,D03,美國-委內瑞拉,USA-Venezuela
50312809,USV,USV靴高斯,USV Hercules
50003180,UTC,卡查馬卡大學,UT Cajamarca
50003181,UDI,烏甸尼斯,Udinese
50003182,UFA,烏法,Ufa
50003183,UGD,烏干達,Uganda
50271427,UG2,烏干達U20,Uganda U20
50320968,U2W,烏干達女足U20,Uganda Women U20
50003184,UJP,烏比斯迪,Ujpest
50003185,UKR,烏克蘭,Ukraine
50332401,UKO,烏克蘭男奧足,Ukraine Oly Men
50003186,UA2,烏克蘭U20,Ukraine U20
50003187,UKY,烏克蘭U21,Ukraine U21
50322659,UK3,烏克蘭U23,Ukraine U23
50282164,UKW,烏克蘭女足,Ukraine Women
50290557,E69,烏克蘭-以色列,Ukraine-Israel
50003188,ULS,烏利錫斯,Ulisses
50003189,UKS,基沙,Ullensaker Kisa
50331733,ULM,烏爾姆,Ulm
50322932,UCI,蔚山市民,Ulsan Citizen
50003190,USH,蔚山HD,Ulsan HD
50003191,UMW,烏美亞女足,Umea Women
50003192,USL,烏姆沙拉爾,Umm Salal
50003193,VLJ,華利祖大學,Uni Cesar Vallejo
50003194,UMD,馬迪亞拿,Uniao Madeira
50003195,URD,隆多隆波里斯,Uniao de Rondonopolis
50003196,UBL,柏林聯,Union Berlin
50462446,UBW,柏林聯女足,Union Berlin Women
50003197,UCO,哥梅里卡奧,Union Comercio
50003198,UES,艾斯賓路拿,Union Espanola
50003199,ULC,卡拉雷聯,Union La Calera
50003200,UOH,奧馬哈聯,Union Omaha
50003201,USG,聖基萊斯聯,Union Saint Gilloise
50003202,SFL,聖菲利普聯,Union San Felipe
50003203,USF,聖達菲聯,Union Santa Fe
50566595,WUS,聖達菲聯女足,Union Santa Fe Women
50003204,SLM,薩拉曼卡聯隊,Unionistas de Salamanca CF
50003205,UNR,烏尼雷亞,Unirea Urziceni
50003206,UAE,阿聯酋,United Arab Emirates
50003207,UA4,阿聯酋男亞足,United Arab Emirates AM
50003208,UE2,阿聯酋U20,United Arab Emirates U20
50316073,12B,阿聯酋-巴林,United Arab Emirates-Bahrain
50316071,10B,阿聯酋-巴勒斯坦,United Arab Emirates-Palestine
50003159,P69,阿聯酋-敘利亞,United Arab Emirates-Syria
50316072,11B,阿聯酋-泰國,United Arab Emirates-Thailand
50003209,CNS,FC聯合城,United City FC
50003210,UCC,天主教大學,Universidad Catolica
50003211,UCQ,基多天主教大學,Universidad Catolica Quito
50397931,UVZ,委內瑞拉中央大學,Universidad Central de Venezuela
50003212,UNC,智利大學,Universidad Chile
50003213,UDC,康塞普森大學,Universidad Concepcion
50003214,UGJ,瓜達拉哈拉大學,Universidad Guadalajara
50003215,USP,拉斯彭馬斯大學,Universidad Las Palmas
50003216,USM,聖馬田大學,Universidad San Martin
50003217,UDD,秘魯體育大學,Universitario Deportes
50003218,UDS,蘇克雷大學,Universitario Sucre
50319121,UDV,賓托大學,Universitario de Vinto
50462477,UCJ,克魯日大學,Universitatea Cluj
50003219,UNT,安達赫治,Unterhaching
50566590,UPP,烏普薩拉女足,Uppsala Women
50003220,USO,烏拉爾,Ural Yekaterinburg
50289775,UAU,烏拉爾圖,Urartu
50003221,URA,浦和紅鑽,Urawa Reds
50355595,UWR,浦和紅鑽女足,Urawa Reds Women
50003222,URU,烏拉圭,Uruguay
50003223,UUO,烏拉圭男奧足,Uruguay Oly Men
50003224,UR2,烏拉圭U20,Uruguay U20
50307907,UR3,烏拉圭U23,Uruguay U23
50003225,URW,烏拉圭女足,Uruguay Women
50323137,U2G,烏拉圭女足U20,Uruguay Women U20
50003226,C34,烏拉圭-玻利維亞,Uruguay-Bolivia
50331287,C83,烏拉圭-加拿大,Uruguay-Canada
50003227,W13,烏拉圭-智利,Uruguay-Chile
50003228,C29,烏拉圭-哥倫比亞,Uruguay-Colombia
50003229,C31,烏拉圭-厄瓜多爾,Uruguay-Ecuador
50003230,O22,烏拉圭-埃及,Uruguay-Egypt
50003231,O23,烏拉圭-英國,Uruguay-Great Britain
50287508,14Y,烏拉圭-意大利,Uruguay-Italy
50331288,C84,烏拉圭-牙買加,Uruguay-Jamaica
50003232,O24,烏拉圭-日本,Uruguay-Japan
50003233,O25,烏拉圭-南韓,Uruguay-Korea Republic
50003234,C30,烏拉圭-墨西哥,Uruguay-Mexico
50003235,CF5,烏拉圭-尼日利亞,Uruguay-Nigeria
50003236,C28,烏拉圭-巴拉圭,Uruguay-Paraguay
50003237,C33,烏拉圭-秘魯,Uruguay-Peru
50003238,O26,烏拉圭-塞內加爾,Uruguay-Senegal
50287507,13Y,烏拉圭-斯洛伐克,Uruguay-Slovakia
50003239,O27,烏拉圭-瑞士,Uruguay-Switzerland
50003240,U55,烏拉圭-土耳其,Uruguay-Turkiye
50003241,C32,烏拉圭-委內瑞拉,Uruguay-Venezuela
50003242,Y38,烏拉圭-贊比亞,Uruguay-Zambia
50353884,URY,猶他皇家女足,Utah Royals Women
50308213,UTE,烏迪保,Utebo
50558130,UTF,烏泰他尼,Uthai Thani
50003243,UTR,烏德勒支,Utrecht
50362123,UTW,烏德勒支女足,Utrecht Women
50003244,UTS,烏錫坦斯,Utsiktens
50003245,UZB,烏茲別克,Uzbekistan
50003246,UZ4,烏茲別克男亞足,Uzbekistan AM
50332404,UZO,烏茲別克男奧足,Uzbekistan Oly Men
50003247,UZ2,烏茲別克U20,Uzbekistan U20
50003248,UZY,烏茲別克U21,Uzbekistan U21
50003249,U2Z,烏茲別克U22,Uzbekistan U22
50003250,UZ3,烏茲別克U23,Uzbekistan U23
50264497,UZW,烏茲別克女足,Uzbekistan Women
50319130,UB2,烏茲別克女足U20,Uzbekistan Women U20
50560778,B37,烏茲別克-澳洲,Uzbekistan-Australia
50003251,P60,烏茲別克-中國,Uzbekistan-China
50316057,96A,烏茲別克-印尼,Uzbekistan-Indonesia
50003252,P61,烏茲別克-伊拉克,Uzbekistan-Iraq
3319,P76,烏茲別克-約旦,Uzbekistan-Jordan
50316053,P76,烏茲別克-約旦,Uzbekistan-Jordan
3095,K09,烏茲別克-巴勒斯,Uzbekistan-Palestine
50326629,P98,烏茲別克-卡塔爾,Uzbekistan-Qatar
50316056,95A,烏茲別克-沙特阿拉伯,Uzbekistan-Saudi Arabia
50287539,45Y,烏茲別克-斯洛伐克,Uzbekistan-Slovakia
3318,P75,烏茲別克-敘利亞,Uzbekistan-Syria
50316055,94A,烏茲別克-塔吉克,Uzbekistan-Tajikistan
50316054,93A,烏茲別克-阿聯酋,Uzbekistan-United Arab Emirates
50326630,P97,烏茲別克-越南,Uzbekistan-Vietnam
3096,K10,烏茲別克-越南,Uzbekistan-Vietnam
50003253,NGV,長崎成功丸,V-Varen Nagasaki
50003254,VPS,VPS華沙,VPS Vaasa
50396567,VVK,卡特韋克,VV Katwijk
50003255,VVB,VVSB,VVSB
50003256,VDZ,華杜斯,Vaduz
50362140,VGW,華拉達雷斯女足,Valadares Gaia Women
50003257,VRS,華德雷斯,Valdres
50003258,VCA,華倫西亞,Valencia
50356286,VLW,華倫西亞女足,Valencia Women
50003259,VLN,華倫西恩斯,Valenciennes
50003260,VAA,華拉倫加,Valerenga
50353901,VAW,華拉倫加女足,Valerenga Women
50003261,VAL,華拉度列,Valladolid
50003262,VNO,華歷簡奴,Vallecano
50003263,VTT,華列達,Valletta
50582478,VLF,谷地559 FC,Valley 559 FC
50003264,VMF,華米耶拉FC,Valmiera FC
50003265,VLR,華路亞,Valur
50462451,VUW,華路亞女足,Valur Women
50562349,VCC,溫哥華FC,Vancouver FC
50003266,VWT,溫哥華白帽,Vancouver Whitecaps
50003267,VFC,瓦納,Vannes
50003268,VHH,八戶雲羅里,Vanraure Hachinohe
50003269,VNT,瓦努阿圖,Vanuatu
50003270,VT2,瓦努阿圖U20,Vanuatu U20
50003271,VBS,華堡,Varbergs
50003272,VHG,華特,Vard Haugesund
50003273,VAR,華達,Vardar
50308206,CVV,華尼亞,Varea
50003274,VRE,華雷斯,Varese
50003275,VRN,華納莫,Varnamo
50003276,VAZ,華森,Varzim
50003277,VSS,華沙斯,Vasas
50003278,VSB,華斯比,Vasby
50003279,VAS,華斯高,Vasco da Gama
50003280,VSL,華斯路伊,Vaslui
50003281,VSR,華斯特拉斯,Vasteras SK
50600008,VFL,華斯達科隆達,Vastra Frolunda
50003282,VEV,禾斯維連,Vaulx en Velin
50353895,VJW,韋克舍女足,Vaxjo Women
50003283,VEE,雲登,Veendam
50329098,VEI,三重十四,Veertien Mie
50003284,SVG,仙台維加泰,Vegalta Sendai
50263627,VAD,維拉迪,Velarde
50537436,VES,莫斯科韋利斯,Veles Moscow
50003285,VLZ,貝萊斯,Velez
50003286,VEM,韋利斯,Velez Mostar
50003287,CSF,沙士菲,Velez Sarsfield
50429177,VSW,沙士菲女足,Velez Sarsfield Women
50397924,VEC,維羅會,Velo Clube
50003288,VND,雲拿度斯,Venados
50003289,VLC,雲迪路干,Vendee Lucon
50003290,VEZ,威尼斯,Venezia
50003291,VEN,委內瑞拉,Venezuela
50003292,VZ2,委內瑞拉U20,Venezuela U20
50315174,VE3,委內瑞拉U23,Venezuela U23
50003293,VEW,委內瑞拉女足,Venezuela Women
50323138,V2W,委內瑞拉女足U20,Venezuela Women U20
50003294,Y50,委內-哥斯達黎加,Venezuela-Costa Rica
50331301,D17,委內瑞拉-巴拉圭,Venezuela-Paraguay
50003295,Y40,委內-塞內加爾,Venezuela-Senegal
50003296,Y42,委內-贊比亞,Venezuela-Zambia
50003297,VNL,芬洛,Venlo
50003298,VEK,甲府風林,Ventforet Kofu
50003299,VRA,華拿古斯,Veracruz
50003300,VML,華梅勒斯,Vermelles
50003301,VER,維羅納,Verona
50003302,ACO,大分赤溫泉,Verspah Oita
50003303,VEL,沃蘇勒,Vesoul
50003304,VYJ,韋斯特曼納耶,Vestmannaeyjar
50599720,VRI,韋斯特里,Vestri
50003305,VTA,維特拉,Vetra
50003306,AAN,阿倫,VfR Aalen
50003307,VIB,域堡,Viborg
50003308,VCZ,維琴察,Vicenza
50003309,VDR,維達,Vidar
50003310,VNM,越南,Vietnam
50003311,VN4,越南男亞足,Vietnam AM
50003312,VN2,越南U20,Vietnam U20
50544719,VE2,越南U22,Vietnam U22
50003313,VN3,越南U23,Vietnam U23
50003314,VNW,越南女足,Vietnam Women
50319131,VW2,越南女足U20,Vietnam Women U20
50560780,B39,越南-約旦,Vietnam-Jordan
3098,K12,越南-馬來西亞,Vietnam-Malaysia
50003315,VET,FC軍用電信,Viettel FC
50003316,VIK,維京,Viking
50587197,VKW,維京女足,Viking Women
50003317,VGG,維京加高泰,Vikingur Gotu
50003318,VIR,維京古,Vikingur Reykjavik
50003319,VKB,柏林域陀尼亞,Viktoria Berlin
50003320,CLV,科隆域陀尼亞,Viktoria Cologne
50003321,VKP,柏辛域陀尼亞,Viktoria Plzen
50003322,VNF,維拉諾瓦,Vila Nova
50268160,VID,維拉維登斯,Vilaverdense
50362146,VDW,維拉維登斯女足,Vilaverdense Women
50284551,VMI,維拉米特,Villa Mitre
50003323,VIL,維拉利爾,Villarreal
50003324,VLB,維拉利爾B隊,Villarreal B
50003325,VLL,維利法蘭,Villefranche
50263633,VIM,維梅諾,Vimenor
50272246,VAC,維奧萊特,Violette AC
50597825,VTU,維珍尼亞聯,Virginia Utd
50003326,ETL,恩特拉,Virtus Entella
50003327,VCN,查蒂爾昂,Viry-Chatillon
50003328,VSU,維塞烏,Viseu
50003329,VIS,神戶勝利船,Vissel Kobe
50003330,VIT,維迪斯,Vitesse
50003331,VTL,維多利亞,Vitoria
50562355,WVT,維多利亞女足,Vitoria Women
50003332,VTR,維特雷,Vitre
50353896,VTW,域斯祖女足,Vittsjo Women
50003333,VZL,維薛拿,Vizela
50003334,VZN,維拉斯尼亞,Vllaznia
50003335,VVD,禾獲甸拿,Vojvodina
50003336,FCV,禾寧丹,Volendam
50003337,VOL,禾加,Volga
50272542,VUK,烏里揚諾夫斯克,Volga Ulyanovsk
50003338,VGA,禾加阿斯特拉罕,Volgar Astrakhan
50282103,VOR,禾達列當達,Volta Redonda
50003339,VDC,沙托布里昂跳躍者,Voltigeurs de Chateaubriant
50003340,VPV,禾斯克拉,Vorskla Poltava
50356304,VPW,禾斯克拉女足,Vorskla Poltava Women
50003341,WCO,干尼克迅,W Connection
50003342,WIT,WIT格魯吉亞,WIT Georgia
50003343,WKE,安曼流動公園,WKE Emmen
50587332,WTB,西托列斯比卡拉,WT Birkalla
50003345,WTK,韋達基利聯,Waitakere Utd
50003346,WAM,曼海姆,Waldhof Mannheim
50003347,WAL,威爾斯,Wales
50003348,WLY,威爾斯U21,Wales U21
50260116,WAW,威爾斯女足,Wales Women
50585887,WLC,華爾辛FC,Wallsend FC
50003349,WAS,華素爾,Walsall
50003350,WAR,沃靈頓,Warrington Town
50003351,SAF,FC勇士,Warriors FC
50353885,WWS,華盛頓精神女足,Washington Spirit Women
50003352,WSQ,華斯基荷,Wasquehal
50003353,WAT,屈福特,Watford
50003354,WTN,華登舒特,Wattenscheid 09
50003355,WDS,韋特史東,Wealdstone
50003356,WHE,韋恩,Wehen
50003357,WLU,威靈聯,Welling United
50003358,WLT,FC威靈頓,Wellington FC
50003359,WTP,威靈頓鳳凰,Wellington Phoenix
50377164,WPW,威靈頓鳳凰女足,Wellington Phoenix Women
50003360,WBR,雲達不來梅,Werder Bremen
50355612,WBW,雲達不來梅女足,Werder Bremen Women
50003361,WEB,西布朗,West Bromwich
50003362,WEH,韋斯咸,West Ham
50355607,WHW,韋斯咸女足,West Ham Women
50324171,01R,韋斯咸-馬賽,West Ham-Marseille
50003363,WES,韋斯達路,Westerlo
50362135,WEW,韋斯達路女足,Westerlo Women
50003364,WSW,西悉尼流浪者,Western Sydney Wanderers
50563268,WWY,西悉尼流浪者B隊,Western Sydney Wanderers B
50377165,WWW,西悉尼流浪者女足,Western Sydney Wanderers Women
50003365,WTD,西部聯,Western Utd
50377166,WUW,西部聯女足,Western Utd Women
50476341,WBS,韋斯頓熊,Weston Bears
50003366,WTS,濱海韋斯頓,Weston Super Mare
50538932,API,西部APIA FC,Wests APIA FC
50003367,WMT,韋茅夫,Weymouth
50003368,WHK,FC懷特豪克,Whitehawk FC
50585966,WTU,威特西聯,Whittlesea Utd
50003369,WIG,韋根,Wigan
50003370,WSH,威廉港,Wilhelmshaven
50003371,WII,威廉二世,Willem II
50585965,WLM,威廉斯鎮,Williamstown
50003372,WHH,威明頓鐵鎚,Wilmington Hammerheads
50003373,WSM,威斯特曼,Wilstermann
207,WIM,溫布頓,Wimbledon
50003374,WIS,克拉科夫,Wisla Krakow
50003375,WKG,禾京,Woking
50003376,WAC,禾夫斯貝加,Wolfsberger AC
50003377,WOL,禾夫斯堡,Wolfsburg
50355613,WFW,禾夫斯堡女足,Wolfsburg Women
2744,U1Y,禾夫斯堡-賓菲加,Wolfsburg-Benfica
50003378,WGU,臥龍崗聯,Wollongong Utd
50003379,WOW,臥龍崗狼隊,Wollongong Wolves
50003380,WLV,狼隊,Wolves
50003381,WCT,禾斯特,Worcester
50003382,WRE,域斯咸,Wrexham
50457693,WJW,武漢江大女足,Wuhan Jiangda Women
50289799,WTT,武漢三鎮,Wuhan Three Towns
50003383,WUP,烏帕達爾,Wuppertaler
50003384,WBK,禾斯貝加踢球者,Wurzburger Kickers
50003385,WYC,韋甘比,Wycombe
50003386,WDC,韋達卡薩白蘭卡,Wydad Casablanca
50563261,WYW,溫納姆狼隊,Wynnum Wolves
50003387,XVD,派拉斯卡巴,XV de Piracicaba
50003388,XAN,薩丁,Xanthi
50003389,XMC,夏拉祖,Xelaju MC
50003390,XRZ,薩雷斯,Xerez
50003401,YSC,YSCC橫濱,YSCC Yokohama
50003391,YDB,雅達納邦,Yadanarbon
50003392,YAC,楊州市民,Yangju Citizen
50003393,YGU,仰光聯,Yangon Utd
50322933,YSO,梁山歐格,Yangsan Eogok
50003394,YDG,葉汀,Yeading
50263625,YDE,耶克拉諾,Yeclano Deportivo
50599725,YLM,耶利美,Yelimay
50003395,YMN,也門,Yemen
50357032,YM2,也門U20,Yemen U20
50003396,YM3,也門U23,Yemen U23
50003397,YNS,恩尼些爾,Yenisey
50430032,YEW,恩尼些爾女足,Yenisey Women
50281564,YEJ,驪州FC,Yeoju FC
50003398,YEO,伊奧維,Yeovil
50003399,YKG,橫河武藏野,Yokogawa Musashino
50003400,YOK,橫濱水手,Yokohama F.Marinos
50563251,YGF,龍仁FC,Yongin FC
50003402,YOR,約克城,York City
50003403,YBB,年青人,Young Boys Bern
50462485,YBW,年青人女足,Young Boys Bern Women
50003404,YEM,伊比蘭加艾真姆,Ypiranga Erechim
50003405,YZR,伊澤爾,Yzeure
50003406,ZTP,薩卡特佩克,Zacatepec
50003407,ZGL,路賓,Zaglebie Lubin
50289778,ZAG,沙勒格斯基,Zalaegerszeg
50003408,ZAL,薩基列斯,Zalgiris
50003409,ZMB,贊比亞,Zambia
50003410,ZB2,贊比亞U20,Zambia U20
50003411,ZAW,贊比亞女足,Zambia Women
50003412,A78,贊比亞-馬里,Zambia-Mali
50003413,ZAM,薩莫拉,Zamora
50003414,ZMA,FC薩莫拿,Zamora FC
50003415,ZAR,薩拉戈薩,Zaragoza
50599724,ZPO,潘切禾澤倫斯尼卡,Zeleznicar Pancevo
50003416,ZLJ,薛謝斯歷卡,Zeljeznicar
50003417,ZSP,辛尼特,Zenit St. Petersburg
50430038,ZSW,辛尼特女足,Zenit St. Petersburg Women
50003418,ZTF,錫斯達方尼,Zestafoni
50003419,ZIL,斯利納,Zilina
50003420,ZIM,津巴布韋,Zimbabwe
50361322,Z2B,津巴布韋U20,Zimbabwe U20
50003421,ZBW,津巴布韋女足,Zimbabwe Women
50003422,ZBU,森布魯,Zimbru
50003423,ZIR,施拉,Zira FK
50003424,ZAH,索柏阿漢,Zob Ahan
50003425,ZOR,索爾亞,Zorya Luhansk
50003426,ZNK,辛連斯基,Zrinjski
50003427,ZLA,蘇利亞,Zulia FC
50003428,ZUW,華雷根,Zulte Waregem
50362138,WZW,華雷根女足,Zulte Waregem Women
50003429,ZRC,蘇黎世,Zurich
50430039,ZPW,彼爾姆紅星2005女足,Zvezda 2005 Perm Women
50272544,ZVP,聖彼德堡紅星,Zvezda St. Petersburg
50003430,ZWK,金澤薩維根,Zweigen Kanazawa
50003431,FCZ,施禾利,Zwolle
50362120,ZWW,施禾利女足,Zwolle Women
